index,x_m,y_m,z_m,yaw_rad,is_print,layer,seg_id,feed_m_s,de,material,extrusion_volume_mm3,extrusion_mass_g,pos_error_m,rot_error_rad,ik_iterations,jacobian_manipulability,jacobian_min_singular_value,time_from_start_s,shoulder_pan_joint,shoulder_lift_joint,elbow_joint,wrist_1_joint,wrist_2_joint,wrist_3_joint,shoulder_pan_joint_velocity_rad_s,shoulder_lift_joint_velocity_rad_s,elbow_joint_velocity_rad_s,wrist_1_joint_velocity_rad_s,wrist_2_joint_velocity_rad_s,wrist_3_joint_velocity_rad_s,shoulder_pan_joint_acceleration_rad_s2,shoulder_lift_joint_acceleration_rad_s2,elbow_joint_acceleration_rad_s2,wrist_1_joint_acceleration_rad_s2,wrist_2_joint_acceleration_rad_s2,wrist_3_joint_acceleration_rad_s2
0,0.4370967741935484,-0.0075,0.1004,-3.141592653589793,1,0,0,0.01,0.0,alginate_chitosan_pic_al1ch1_research,0.0,0.0,9.179637666101381e-05,0.0003398985782246649,33,0.05772459759967427,0.2454610220208012,0.0,-0.3839961264618347,-1.531722057750341,2.192364745058759,-2.2311869892724028,-1.570569694332884,-0.38402169433001376,0.0,0.0,0.0,0.0,0.0,0.0,0.0,0.0,0.0,0.0,0.0,0.0
1,0.4380967741935484,-0.0075,0.1004,-3.141592653589793,1,0,0,0.01,0.16,alginate_chitosan_pic_al1ch1_research,0.16,0.00016800000000000002,0.00098183540488736,0.0003398985782246649,1,0.05772459759967427,0.2454610220208012,0.10000000000000009,-0.3839961264618347,-1.531722057750341,2.192364745058759,-2.2311869892724028,-1.570569694332884,-0.38402169433001376,0.0,0.0,0.0,0.0,0.0,0.0,0.0,0.0,0.0,0.0,0.0,0.0
2,0.4390967741935484,-0.0075,0.1004,-3.141592653589793,1,0,0,0.01,0.16,alginate_chitosan_pic_al1ch1_research,0.16,0.00016800000000000002,0.0019797916430302873,0.0003398985782246649,1,0.05772459759967427,0.2454610220208012,0.20000000000000018,-0.3839961264618347,-1.531722057750341,2.192364745058759,-2.2311869892724028,-1.570569694332884,-0.38402169433001376,0.0,0.0,0.0,0.0,0.0,0.0,0.27065275056917754,0.7257947086161107,-0.7681735347677674,0.043755042611204255,-0.007675861297640183,0.2746903189505873
3,0.4400967741935484,-0.0075,0.1004,-3.141592653589793,1,0,0,0.01,0.16,alginate_chitosan_pic_al1ch1_research,0.16,0.00016800000000000002,0.00010754387873264036,0.0003054910125323442,2,0.058474299991488704,0.2457565827866203,0.30000000000000027,-0.3812895989561429,-1.5244641106641799,2.1846830097110814,-2.2307494388462907,-1.5706464529458604,-0.3812747911405079,0.02706527505691778,0.07257947086161114,-0.0768173534767768,0.00437550426112043,-0.000767586129764019,0.027469031895058758,-0.27065275056917754,-0.7257947086161107,0.7681735347677674,-0.043755042611204255,0.007675861297640183,-0.2746903189505873
4,0.4410967741935484,-0.0075,0.1004,-3.141592653589793,1,0,0,0.01,0.16,alginate_chitosan_pic_al1ch1_research,0.16,0.00016800000000000002,0.0009400829241333466,0.0003054910125323442,1,0.058474299991488704,0.2457565827866203,0.40000000000000036,-0.3812895989561429,-1.5244641106641799,2.1846830097110814,-2.2307494388462907,-1.5706464529458604,-0.3812747911405079,0.0,0.0,0.0,0.0,0.0,0.0,0.0,0.0,0.0,0.0,0.0,0.0
5,0.4420967741935484,-0.0075,0.1004,-3.141592653589793,1,0,0,0.01,0.16,alginate_chitosan_pic_al1ch1_research,0.16,0.00016800000000000002,0.0019380263472515925,0.0003054910125323442,1,0.058474299991488704,0.2457565827866203,0.5000000000000004,-0.3812895989561429,-1.5244641106641799,2.1846830097110814,-2.2307494388462907,-1.5706464529458604,-0.3812747911405079,0.0,0.0,0.0,0.0,0.0,0.0,0.25852387397560744,0.710271577355591,-0.758756016559746,0.04854774424085653,-0.00017017723048517978,0.2586220888383057
6,0.4430967741935484,-0.0075,0.1004,-3.141592653589793,1,0,0,0.01,0.16,alginate_chitosan_pic_al1ch1_research,0.16,0.00016800000000000002,0.00010763235440115996,0.0003052614475021733,2,0.05921421760980464,0.2460230381792618,0.6000000000000005,-0.3787043602163868,-1.517361394890624,2.177095449545484,-2.230263961403882,-1.5706481547181652,-0.3786885702521248,0.02585238739756077,0.07102715773555916,-0.07587560165597466,0.004854774424085657,-1.7017723048517994e-05,0.025862208883830593,-0.25852387397560744,-0.710271577355591,0.758756016559746,-0.04854774424085653,0.00017017723048517978,-0.2586220888383057
7,0.4440967741935484,-0.0075,0.1004,-3.141592653589793,1,0,0,0.01,0.16,alginate_chitosan_pic_al1ch1_research,0.16,0.00016800000000000002,0.0009393753801615918,0.0003052614475021733,1,0.05921421760980464,0.2460230381792618,0.7000000000000006,-0.3787043602163868,-1.517361394890624,2.177095449545484,-2.230263961403882,-1.5706481547181652,-0.3786885702521248,0.0,0.0,0.0,0.0,0.0,0.0,0.0,0.0,0.0,0.0,0.0,0.0
8,0.4450967741935484,-0.0075,0.1004,-3.141592653589793,1,0,0,0.01,0.16,alginate_chitosan_pic_al1ch1_research,0.16,0.00016800000000000002,0.0019373351506627144,0.0003052614475021733,1,0.05921421760980464,0.2460230381792618,0.7999999999999952,-0.3787043602163868,-1.517361394890624,2.177095449545484,-2.230263961403882,-1.5706481547181652,-0.3786885702521248,0.0,0.0,0.0,0.0,0.0,0.0,0.25478343966339295,0.7061751291338642,-0.7610350869907221,0.05475027035020261,5.8078498410553526e-05,0.2547850431626319
9,0.4460967741935484,-0.0075,0.1004,-3.141592653589793,1,0,0,0.01,0.16,alginate_chitosan_pic_al1ch1_research,0.16,0.00016800000000000002,0.00010692838701975334,0.000304588660559453,2,0.0599557202626865,0.24626060721548165,0.8999999999999952,-0.37615652581975295,-1.5102996435992855,2.169485098675577,-2.22971645870038,-1.570647573933181,-0.37614071982049857,0.02547834396633861,0.07061751291338451,-0.07610350869907016,0.005475027035020114,5.8078498410551964e-06,0.025478504316262505,-0.2547834396633859,-0.7061751291338445,0.761035086990701,-0.05475027035020109,-5.8078498410551914e-05,-0.25478504316262485
10,0.4470967741935484,-0.0075,0.1004,-3.141592653589793,1,0,0,0.01,0.16,alginate_chitosan_pic_al1ch1_research,0.16,0.00016800000000000002,0.0009394770088279545,0.000304588660559453,1,0.0599557202626865,0.24626060721548165,0.9999999999999953,-0.37615652581975295,-1.5102996435992855,2.169485098675577,-2.22971645870038,-1.570647573933181,-0.37614071982049857,0.0,0.0,0.0,0.0,0.0,0.0,0.0,0.0,0.0,0.0,0.0,0.0
11,0.4480967741935484,-0.0075,0.1004,-3.141592653589793,1,0,0,0.01,0.16,alginate_chitosan_pic_al1ch1_research,0.16,0.00016800000000000002,0.0019374726889125427,0.000304588660559453,1,0.0599557202626865,0.24626060721548165,1.0999999999999954,-0.37615652581975295,-1.5102996435992855,2.169485098675577,-2.22971645870038,-1.570647573933181,-0.37614071982049857,0.0,0.0,0.0,0.0,0.0,0.0,0.251336734444912,0.7024126631066873,-0.7637141889059937,0.06118072712402157,6.469634712402682e-05,0.2513359669177979
12,0.4490967741935484,-0.0075,0.1004,-3.141592653589793,1,0,0,0.01,0.16,alginate_chitosan_pic_al1ch1_research,0.16,0.00016800000000000002,0.00010619328224540545,0.0003038541566371926,2,0.060699055996532074,0.24646969244801942,1.1999999999999955,-0.3736431584753038,-1.5032755169682186,2.161847956786517,-2.22910465142914,-1.5706469269697099,-0.3736273601513206,0.025133673444491224,0.07024126631066879,-0.07637141889059944,0.006118072712402162,6.469634712402688e-06,0.025133596691779815,-0.251336734444912,-0.7024126631066873,0.7637141889059937,-0.06118072712402157,-6.469634712402682e-05,-0.2513359669177979
13,0.4500967741935484,-0.0075,0.1004,-3.141592653589793,1,0,0,0.01,0.16,alginate_chitosan_pic_al1ch1_research,0.16,0.00016800000000000002,0.0009396140042684083,0.0003038541566371926,1,0.060699055996532074,0.24646969244801942,1.2999999999999956,-0.3736431584753038,-1.5032755169682186,2.161847956786517,-2.22910465142914,-1.5706469269697099,-0.3736273601513206,0.0,0.0,0.0,0.0,0.0,0.0,0.0,0.0,0.0,0.0,0.0,0.0
14,0.4510967741935484,-0.0075,0.1004,-3.141592653589793,1,0,0,0.01,0.16,alginate_chitosan_pic_al1ch1_research,0.16,0.00016800000000000002,0.0019376459792337132,0.0003038541566371926,1,0.060699055996532074,0.24646969244801942,1.3999999999999957,-0.3736431584753038,-1.5032755169682186,2.161847956786517,-2.22910465142914,-1.5706469269697099,-0.3736273601513206,0.0,0.0,0.0,0.0,0.0,0.0,0.24796616711425482,0.6987652073222815,-0.7664085919631511,0.06751979866086431,6.518112440900824e-05,0.24796546261417987
15,0.4520967741935484,-0.0075,0.1004,-3.141592653589793,1,0,0,0.01,0.16,alginate_chitosan_pic_al1ch1_research,0.16,0.00016800000000000002,0.00010545686807213977,0.0003031023259085716,2,0.06144413173688916,0.24665070353674406,1.4999999999999958,-0.3711634968041613,-1.4962878648949958,2.1541838708668855,-2.2284294534425313,-1.5706462751584658,-0.3711477055251788,0.024796616711425502,0.06987652073222822,-0.07664085919631518,0.006751979866086438,6.51811244090083e-06,0.024796546261418008,-0.24796616711425482,-0.6987652073222815,0.7664085919631511,-0.06751979866086431,-6.518112440900824e-05,-0.24796546261417987
16,0.4530967741935484,-0.0075,0.1004,-3.141592653589793,1,0,0,0.01,0.16,alginate_chitosan_pic_al1ch1_research,0.16,0.00016800000000000002,0.0009397655242260704,0.0003031023259085716,1,0.06144413173688916,0.24665070353674406,1.5999999999999959,-0.3711634968041613,-1.4962878648949958,2.1541838708668855,-2.2284294534425313,-1.5706462751584658,-0.3711477055251788,0.0,0.0,0.0,0.0,0.0,0.0,0.0,0.0,0.0,0.0,0.0,0.0
17,0.4540967741935484,-0.0075,0.1004,-3.141592653589793,1,0,0,0.01,0.16,alginate_chitosan_pic_al1ch1_research,0.16,0.00016800000000000002,0.0019378331532988646,0.0003031023259085716,1,0.06144413173688916,0.24665070353674406,1.699999999999996,-0.3711634968041613,-1.4962878648949958,2.1541838708668855,-2.2284294534425313,-1.5706462751584658,-0.3711477055251788,0.0,0.0,0.0,0.0,0.0,0.0,0.24466385874198318,0.6952247510672015,-0.7691046545231548,0.07375392180217752,6.545829169812821e-05,0.24466328176122557
18,0.4550967741935484,-0.0075,0.1004,-3.141592653589793,1,0,0,0.01,0.16,alginate_chitosan_pic_al1ch1_research,0.16,0.00016800000000000002,0.00010472023294092511,0.00030233579993595,2,0.062190840654684144,0.24680407369029003,1.799999999999996,-0.36871685821674144,-1.4893356173843237,2.146492824321654,-2.2276919142245095,-1.5706456205755488,-0.3687010727075665,0.02446638587419834,0.06952247510672022,-0.07691046545231554,0.007375392180217759,6.5458291698128275e-06,0.024466328176122577,-0.24466385874198318,-0.6952247510672015,0.7691046545231548,-0.07375392180217752,-6.545829169812821e-05,-0.24466328176122557
19,0.4560967741935484,-0.0075,0.1004,-3.141592653589793,1,0,0,0.01,0.16,alginate_chitosan_pic_al1ch1_research,0.16,0.00016800000000000002,0.0009399306076360592,0.00030233579993595,1,0.062190840654684144,0.24680407369029003,1.8999999999999961,-0.36871685821674144,-1.4893356173843237,2.146492824321654,-2.2276919142245095,-1.5706456205755488,-0.3687010727075665,0.0,0.0,0.0,0.0,0.0,0.0,0.0,0.0,0.0,0.0,0.0,0.0
20,0.4570967741935484,-0.0075,0.1004,-3.141592653589793,1,0,0,0.01,0.16,alginate_chitosan_pic_al1ch1_research,0.16,0.00016800000000000002,0.0019380332213754707,0.00030233579993595,1,0.062190840654684144,0.24680407369029003,1.9999999999999962,-0.36871685821674144,-1.4893356173843237,2.146492824321654,-2.2276919142245095,-1.5706456205755488,-0.3687010727075665,0.0,0.0,0.0,0.0,0.0,0.0,0.24142779247816562,0.6917887725664361,-0.7718028775242289,0.07988577211412981,6.569757891039517e-05,0.2414273461069423
21,0.4580967741935484,-0.0075,0.1004,-3.141592653589793,1,0,0,0.01,0.16,alginate_chitosan_pic_al1ch1_research,0.16,0.00016800000000000002,0.00010398332376756381,0.0003015549804036494,2,0.06293907398173203,0.24693025793078327,2.099999999999996,-0.3663025802919598,-1.4824177296586594,2.1387747955464116,-2.226893056503368,-1.5706449635997597,-0.3662867992464971,0.024142779247816583,0.06917887725664368,-0.07718028775242296,0.007988577211412988,6.569757891039523e-06,0.02414273461069425,-0.24142779247816562,-0.6917887725664361,0.7718028775242289,-0.07988577211412981,-6.569757891039517e-05,-0.2414273461069423
22,0.4590967741935484,-0.0075,0.1004,-3.141592653589793,1,0,0,0.01,0.16,alginate_chitosan_pic_al1ch1_research,0.16,0.00016800000000000002,0.0009401089613767682,0.0003015549804036494,1,0.06293907398173203,0.24693025793078327,2.199999999999996,-0.3663025802919598,-1.4824177296586594,2.1387747955464116,-2.226893056503368,-1.5706449635997597,-0.3662867992464971,0.0,0.0,0.0,0.0,0.0,0.0,0.0,0.0,0.0,0.0,0.0,0.0
23,0.4600967741935484,-0.0075,0.1004,-3.141592653589793,1,0,0,0.01,0.16,alginate_chitosan_pic_al1ch1_research,0.16,0.00016800000000000002,0.0019382459046519522,0.0003015549804036494,1,0.06293907398173203,0.24693025793078327,2.2999999999999963,-0.3663025802919598,-1.4824177296586594,2.1387747955464116,-2.226893056503368,-1.5706449635997597,-0.3662867992464971,0.0,0.0,0.0,0.0,0.0,0.0,0.23825618214475222,0.6884550028138025,-0.7745043019690354,0.0859186429103874,6.590629548774972e-05,0.23825586793762524
24,0.4610967741935484,-0.0075,0.1004,-3.141592653589793,1,0,0,0.01,0.16,alginate_chitosan_pic_al1ch1_research,0.16,0.00016800000000000002,0.00010324604118541008,0.00030076015820325503,2,0.06368872144217397,0.24702972933637324,2.3999999999999964,-0.36392001847051225,-1.4755331796305213,2.131029752526721,-2.2260338700742643,-1.5706443045368048,-0.36390424056712084,0.023825618214475243,0.06884550028138031,-0.0774504301969036,0.008591864291038746,6.5906295487749785e-06,0.023825586793762545,-0.23825618214475222,-0.6884550028138025,0.7745043019690354,-0.0859186429103874,-6.590629548774972e-05,-0.23825586793762524
25,0.4620967741935484,-0.0075,0.1004,-3.141592653589793,1,0,0,0.01,0.16,alginate_chitosan_pic_al1ch1_research,0.16,0.00016800000000000002,0.0009403003331463853,0.00030076015820325503,1,0.06368872144217397,0.24702972933637324,2.4999999999999964,-0.36392001847051225,-1.4755331796305213,2.131029752526721,-2.2260338700742643,-1.5706443045368048,-0.36390424056712084,0.0,0.0,0.0,0.0,0.0,0.0,0.0,0.0,0.0,0.0,0.0,0.0
26,0.4620967741935484,-0.0075,0.1004,-3.141592653589793,0,0,1,0.05,0.0,alginate_chitosan_pic_al1ch1_research,0.0,0.0,0.0009403003331463853,0.00030076015820325503,1,0.06368872144217397,0.24702972933637324,2.5000009999999966,-0.36392001847051225,-1.4755331796305213,2.131029752526721,-2.2260338700742643,-1.5706443045368048,-0.36390424056712084,0.0,0.0,0.0,0.0,0.0,0.0,0.0,0.0,0.0,0.0,0.0,0.0
27,0.4620967741935484,-0.0065,0.1004,-3.141592653589793,0,0,1,0.05,0.0,alginate_chitosan_pic_al1ch1_research,0.0,0.0,0.0013587881167493245,0.00030076015820325503,1,0.06368872144217397,0.24702972933637324,2.5200009999999966,-0.36392001847051225,-1.4755331796305213,2.131029752526721,-2.2260338700742643,-1.5706443045368048,-0.36390424056712084,0.0,0.0,0.0,0.0,0.0,0.0,0.0,0.0,0.0,0.0,0.0,0.0
28,0.4620967741935484,-0.0065,0.1004,-3.141592653589793,1,0,2,0.01,0.0,alginate_chitosan_pic_al1ch1_research,0.0,0.0,0.0013587881167493245,0.00030076015820325503,1,0.06368872144217397,0.24702972933637324,2.5200019999999967,-0.36392001847051225,-1.4755331796305213,2.131029752526721,-2.2260338700742643,-1.5706443045368048,-0.36390424056712084,0.0,0.0,0.0,0.0,0.0,0.0,0.0,0.0,0.0,0.0,0.0,0.0
29,0.4610967741935484,-0.0065,0.1004,-3.141592653589793,1,0,2,0.01,0.16,alginate_chitosan_pic_al1ch1_research,0.16,0.00016800000000000002,0.0009863063290501753,0.00030076015820325503,1,0.06368872144217397,0.24702972933637324,2.620001999999997,-0.36392001847051225,-1.4755331796305213,2.131029752526721,-2.2260338700742643,-1.5706443045368048,-0.36390424056712084,0.0,0.0,0.0,0.0,0.0,0.0,0.0,0.0,0.0,0.0,0.0,0.0
30,0.4600967741935484,-0.0065,0.1004,-3.141592653589793,1,0,2,0.01,0.16,alginate_chitosan_pic_al1ch1_research,0.16,0.00016800000000000002,0.001448894476223059,0.00030076015820325503,1,0.06368872144217397,0.24702972933637324,2.720001999999997,-0.36392001847051225,-1.4755331796305213,2.131029752526721,-2.2260338700742643,-1.5706443045368048,-0.36390424056712084,0.0,0.0,0.0,0.0,0.0,0.0,0.05780596342961342,-0.4528677431195885,0.5037966102362281,-0.035561655857385625,-0.006049009311648302,0.05778205393393011
31,0.4590967741935484,-0.0065,0.1004,-3.141592653589793,1,0,2,0.01,0.16,alginate_chitosan_pic_al1ch1_research,0.16,0.00016800000000000002,0.00016320789256541384,0.0004230164253623341,2,0.06319976161578766,0.2469631731279293,2.820001999999997,-0.3633419588362161,-1.4800618570617172,2.1360677186290835,-2.226389486632838,-1.5707047946299213,-0.36332642002778154,0.0057805963429613475,-0.04528677431195889,0.05037966102362286,-0.0035561655857385657,-0.0006049009311648307,0.005778205393393016,-0.05780596342961342,0.4528677431195885,-0.5037966102362281,0.035561655857385625,0.006049009311648302,-0.05778205393393011
32,0.4580967741935484,-0.0065,0.1004,-3.141592653589793,1,0,2,0.01,0.16,alginate_chitosan_pic_al1ch1_research,0.16,0.00016800000000000002,0.0011415010775488496,0.0004230164253623341,1,0.06319976161578766,0.2469631731279293,2.920001999999997,-0.3633419588362161,-1.4800618570617172,2.1360677186290835,-2.226389486632838,-1.5707047946299213,-0.36332642002778154,0.0,0.0,0.0,0.0,0.0,0.0,-0.154089889260339,-0.4588689435065732,0.5137145851230143,-0.05445709329268124,-0.0025257759411090276,-0.1521751197105789
33,0.4570967741935484,-0.0065,0.1004,-3.141592653589793,1,0,2,0.01,0.16,alginate_chitosan_pic_al1ch1_research,0.16,0.00016800000000000002,0.00017052304362656304,0.00042325088744449274,2,0.0627020394603627,0.24688698843004322,3.020001999999997,-0.3648828577288195,-1.484650546496783,2.1412048644803137,-2.226934057565765,-1.5707300523893324,-0.36484817122488733,-0.015408988926033915,-0.04588689435065736,0.05137145851230147,-0.005445709329268128,-0.000252577594110903,-0.015217511971057904,0.154089889260339,0.4588689435065732,-0.5137145851230143,0.05445709329268124,0.0025257759411090276,0.1521751197105789
34,0.4560967741935484,-0.0065,0.1004,-3.141592653589793,1,0,2,0.01,0.16,alginate_chitosan_pic_al1ch1_research,0.16,0.00016800000000000002,0.0011476160288157581,0.00042325088744449274,1,0.0627020394603627,0.24688698843004322,3.1200019999999973,-0.3648828577288195,-1.484650546496783,2.1412048644803137,-2.226934057565765,-1.5707300523893324,-0.36484817122488733,0.0,0.0,0.0,0.0,0.0,0.0,-0.1601393596888931,-0.46152211364740486,0.5143397105860084,-0.05280423974074457,-0.00020451915940800056,-0.1600504791261223
35,0.4550967741935484,-0.0065,0.1004,-3.141592653589793,1,0,2,0.01,0.16,alginate_chitosan_pic_al1ch1_research,0.16,0.00016800000000000002,0.00017110501858380378,0.00042314082649525485,2,0.06220331508124485,0.24679999542737363,3.2200019999999974,-0.36648425132570844,-1.489265767633257,2.1463482615861738,-2.2274620999631725,-1.5707320975809265,-0.36644867601614856,-0.016013935968889323,-0.04615221136474053,0.051433971058600876,-0.005280423974074462,-2.0451915940800075e-05,-0.016005047912612244,0.1601393596888931,0.46152211364740486,-0.5143397105860084,0.05280423974074457,0.00020451915940800056,0.1600504791261223
36,0.4540967741935484,-0.0065,0.1004,-3.141592653589793,1,0,2,0.01,0.16,alginate_chitosan_pic_al1ch1_research,0.16,0.00016800000000000002,0.0011480976930689875,0.00042314082649525485,1,0.06220331508124485,0.24679999542737363,3.3200019999999975,-0.36648425132570844,-1.489265767633257,2.1463482615861738,-2.2274620999631725,-1.5707320975809265,-0.36644867601614856,0.0,0.0,0.0,0.0,0.0,0.0,-0.1617057544857578,-0.4631000073559424,0.5132193419158151,-0.05013349679039427,-0.00011738675558259339,-0.16167274022734185
37,0.4530967741935484,-0.0065,0.1004,-3.141592653589793,1,0,2,0.01,0.16,alginate_chitosan_pic_al1ch1_research,0.16,0.00016800000000000002,0.0001714502817026566,0.00042285259815786567,2,0.06170519577726051,0.24670095178237467,3.4200019999999975,-0.368101308870566,-1.4938967677068165,2.151480455005332,-2.2279634349310764,-1.5707332714484823,-0.368065403418422,-0.016170575448575794,-0.046310000735594284,0.05132193419158155,-0.005013349679039432,-1.173867555825935e-05,-0.0161672740227342,0.1617057544857578,0.4631000073559424,-0.5132193419158151,0.05013349679039427,0.00011738675558259339,0.16167274022734185
38,0.4520967741935484,-0.0065,0.1004,-3.141592653589793,1,0,2,0.01,0.16,alginate_chitosan_pic_al1ch1_research,0.16,0.00016800000000000002,0.00114837454750089,0.00042285259815786567,1,0.06170519577726051,0.24670095178237467,3.5200019999999976,-0.368101308870566,-1.4938967677068165,2.151480455005332,-2.2279634349310764,-1.5707332714484823,-0.368065403418422,0.0,0.0,0.0,0.0,0.0,0.0,-0.16315687405267204,-0.46465636170087615,0.5120221536185623,-0.047382064775902594,-0.00011590750117473882,-0.1631252563577043
39,0.4510967741935484,-0.0065,0.1004,-3.141592653589793,1,0,2,0.01,0.16,alginate_chitosan_pic_al1ch1_research,0.16,0.00016800000000000002,0.00017179104451687277,0.0004225479081144913,2,0.06120778462550889,0.2465896837193307,3.6200019999999977,-0.36973287761109275,-1.4985433313238252,2.1566006765415175,-2.2284372555788354,-1.570734430523494,-0.369696655981999,-0.016315687405267218,-0.04646563617008766,0.05120221536185627,-0.004738206477590263,-1.1590750117473892e-05,-0.016312525635770445,0.16315687405267204,0.46465636170087615,-0.5120221536185623,0.047382064775902594,0.00011590750117473882,0.1631252563577043
40,0.4500967741935484,-0.0065,0.1004,-3.141592653589793,1,0,2,0.01,0.16,alginate_chitosan_pic_al1ch1_research,0.16,0.00016800000000000002,0.001148648628948044,0.0004225479081144913,1,0.06120778462550889,0.2465896837193307,3.720001999999998,-0.36973287761109275,-1.4985433313238252,2.1566006765415175,-2.2284372555788354,-1.570734430523494,-0.369696655981999,0.0,0.0,0.0,0.0,0.0,0.0,-0.16462334204160295,-0.4662418334965493,0.5108222929265152,-0.04459761749062699,-0.00011732995588431529,-0.16459150488167235
41,0.4490967741935484,-0.0065,0.1004,-3.141592653589793,1,0,2,0.01,0.16,alginate_chitosan_pic_al1ch1_research,0.16,0.00016800000000000002,0.00017213580527545395,0.0004222358964251176,2,0.06071111656009337,0.24646605822290174,3.820001999999998,-0.3713791110315088,-1.5032057496587907,2.1617088994707827,-2.2288832317537417,-1.5707356038230529,-0.37134257103081575,-0.01646233420416031,-0.04662418334965497,0.051082229292651556,-0.004459761749062703,-1.173299558843154e-05,-0.01645915048816725,0.16462334204160295,0.4662418334965493,-0.5108222929265152,0.04459761749062699,0.00011732995588431529,0.16459150488167235
42,0.4480967741935484,-0.0065,0.1004,-3.141592653589793,1,0,2,0.01,0.16,alginate_chitosan_pic_al1ch1_research,0.16,0.00016800000000000002,0.00114892760967437,0.0004222358964251176,1,0.06071111656009337,0.24646605822290174,3.920001999999998,-0.3713791110315088,-1.5032057496587907,2.1617088994707827,-2.2288832317537417,-1.5707356038230529,-0.37134257103081575,0.0,0.0,0.0,0.0,0.0,0.0,-0.1661097161303468,-0.46785888500007117,0.5096225651400212,-0.04178167956219163,-0.0001188798202100825,-0.16607760696655233
43,0.4470967741935484,-0.0065,0.1004,-3.141592653589793,1,0,2,0.01,0.16,alginate_chitosan_pic_al1ch1_research,0.16,0.00016800000000000002,0.00017248498812194477,0.00042191697971517204,2,0.06021522348214194,0.24632994791146876,4.020001999999998,-0.37304020819281225,-1.5078843385087914,2.166805125122183,-2.2293010485493636,-1.570736792621255,-0.3730033471004813,-0.016610971613034695,-0.04678588850000716,0.050962256514002165,-0.004178167956219166,-1.188798202100826e-05,-0.016607760696655247,0.1661097161303468,0.46785888500007117,-0.5096225651400212,0.04178167956219163,0.0001188798202100825,0.16607760696655233
44,0.4460967741935484,-0.0065,0.1004,-3.141592653589793,1,0,2,0.01,0.16,alginate_chitosan_pic_al1ch1_research,0.16,0.00016800000000000002,0.0011492119192594418,0.00042191697971517204,1,0.06021522348214194,0.24632994791146876,4.120001999999998,-0.37304020819281225,-1.5078843385087914,2.166805125122183,-2.2293010485493636,-1.570736792621255,-0.3730033471004813,0.0,0.0,0.0,0.0,0.0,0.0,-0.16761650680828216,-0.4695080661074816,0.5084228702477036,-0.03893365258993413,-0.00012046522455122479,-0.16758412143382778
45,0.4450967741935484,-0.0065,0.1004,-3.141592653589793,1,0,2,0.01,0.16,alginate_chitosan_pic_al1ch1_research,0.16,0.00016800000000000002,0.00017283872716139815,0.0004215911693169665,2,0.05972013690192278,0.24618123053984808,4.220001999999997,-0.3747163732608951,-1.5125794191698663,2.17188935382466,-2.229690385075263,-1.5707379972735005,-0.37467918831481956,-0.01676165068082823,-0.0469508066107482,0.0508422870247704,-0.0038933652589934163,-1.2046522455122489e-05,-0.016758412143382792,0.1676165068082868,0.4695080661074946,-0.5084228702477177,0.03893365258993521,0.00012046522455122812,0.16758412143383242
46,0.4440967741935484,-0.0065,0.1004,-3.141592653589793,1,0,2,0.01,0.16,alginate_chitosan_pic_al1ch1_research,0.16,0.00016800000000000002,0.0011495017273817191,0.0004215911693169665,1,0.05972013690192278,0.24618123053984808,4.320001999999992,-0.3747163732608951,-1.5125794191698663,2.17188935382466,-2.229690385075263,-1.5707379972735005,-0.37467918831481956,0.0,0.0,0.0,0.0,0.0,0.0,-0.1691440984496739,-0.47118986586197736,0.5072229924028137,-0.036052833712353176,-0.00012208397297542068,-0.16911143421776018
47,0.4430967741935484,-0.0065,0.1004,-3.141592653589793,1,0,2,0.01,0.16,alginate_chitosan_pic_al1ch1_research,0.16,0.00016800000000000002,0.00017319715094375903,0.0004212584644906086,2,0.05922588804403641,0.2460197894877368,4.420001999999991,-0.37640781424539177,-1.517291317828486,2.176961583748688,-2.2300509134123865,-1.5707392181132303,-0.3763703026569971,-0.016914409844966935,-0.04711898658619647,0.05072229924028,-0.003605283371235221,-1.220839729754174e-05,-0.016911143421775562,0.1691440984496692,0.47118986586196426,-0.5072229924027996,0.03605283371235218,0.0001220839729754173,0.16911143421775549
48,0.4420967741935484,-0.0065,0.1004,-3.141592653589793,1,0,2,0.01,0.16,alginate_chitosan_pic_al1ch1_research,0.16,0.00016800000000000002,0.0011497972000494212,0.0004212584644906086,1,0.05922588804403641,0.2460197894877368,4.520001999999991,-0.37640781424539177,-1.517291317828486,2.176961583748688,-2.2300509134123865,-1.5707392181132303,-0.3763703026569971,0.0,0.0,0.0,0.0,0.0,0.0,-0.17069287978863618,-0.47290478220702786,0.5060227089366256,-0.03313850228998654,-0.00012373695841283428,-0.17065993411177732
49,0.4410967741935484,-0.0065,0.1004,-3.141592653589793,1,0,2,0.01,0.16,alginate_chitosan_pic_al1ch1_research,0.16,0.00016800000000000002,0.00017356039314517268,0.00042091886973611104,2,0.05873250785406292,0.24584551425765758,4.620001999999991,-0.37811474304327813,-1.5220203656505562,2.1820218108380542,-2.2303822984352863,-1.5707404554828144,-0.3780769019981149,-0.01706928797886363,-0.04729047822070283,0.05060227089366261,-0.0033138502289986574,-1.237369584128344e-05,-0.017065993411177746,0.17069287978863618,0.47290478220702786,-0.5060227089366256,0.03313850228998654,0.00012373695841283428,0.17065993411177732
50,0.4400967741935484,-0.0065,0.1004,-3.141592653589793,1,0,2,0.01,0.16,alginate_chitosan_pic_al1ch1_research,0.16,0.00016800000000000002,0.0011500985091670046,0.00042091886973611104,1,0.05873250785406292,0.24584551425765758,4.72000199999999,-0.37811474304327813,-1.5220203656505562,2.1820218108380542,-2.2303822984352863,-1.5707404554828144,-0.3780769019981149,0.0,0.0,0.0,0.0,0.0,0.0,-0.17226324860966616,-0.4746533247758969,0.5048217944290547,-0.030189923149226364,-0.00012542521712344246,-0.1722300189116174
51,0.4390967741935484,-0.0065,0.1004,-3.141592653589793,1,0,2,0.01,0.16,alginate_chitosan_pic_al1ch1_research,0.16,0.00016800000000000002,0.0001739285932079086,0.00042057239587201347,2,0.05824002700138958,0.24565830093306226,4.82000199999999,-0.3798373755293748,-1.5267668988983152,2.187070028782345,-2.2306841976667786,-1.5707417097349856,-0.37979920218723107,-0.017226324860966633,-0.04746533247758973,0.05048217944290552,-0.003018992314922639,-1.2542521712344256e-05,-0.017223001891161757,0.17226324860966616,0.4746533247758969,-0.5048217944290547,0.030189923149226364,0.00012542521712344246,0.1722300189116174
52,0.4380967741935484,-0.0065,0.1004,-3.141592653589793,1,0,2,0.01,0.16,alginate_chitosan_pic_al1ch1_research,0.16,0.00016800000000000002,0.0011504058331239207,0.00042057239587201347,1,0.05824002700138958,0.24565830093306226,4.9200019999999896,-0.3798373755293748,-1.5267668988983152,2.187070028782345,-2.2306841976667786,-1.5707417097349856,-0.37979920218723107,0.0,0.0,0.0,0.0,0.0,0.0,-0.17385561216786108,-0.47643601522728757,0.5036200207434218,-0.027206346358132856,-0.00012714982819961282,-0.17382209588390732
53,0.4370967741935484,-0.0065,0.1004,-3.141592653589793,1,0,2,0.01,0.16,alginate_chitosan_pic_al1ch1_research,0.16,0.00016800000000000002,0.0001743018966133154,0.0004202190604801036,2,0.057748475881830505,0.24545805254716016,5.020001999999989,-0.3815759316510534,-1.531531259050588,2.192106228989779,-2.23095626113036,-1.5707429812332676,-0.38153742314607014,-0.017385561216786125,-0.0476436015227288,0.05036200207434223,-0.002720634635813288,-1.2714982819961295e-05,-0.01738220958839075,0.3477077472582496,0.9528625018295568,-1.0072299691871518,0.05441214859477976,0.0002542971134280914,0.34764071536066105
54,0.4370967741935484,-0.0065,0.1004,-3.141592653589793,0,0,3,0.05,0.0,alginate_chitosan_pic_al1ch1_research,0.0,0.0,0.0001743018966133154,0.0004202190604801036,1,0.057748475881830505,0.24545805254716016,5.020002999999989,-0.3815759316510534,-1.531531259050588,2.192106228989779,-2.23095626113036,-1.5707429812332676,-0.38153742314607014,0.0,0.0,0.0,0.0,0.0,0.0,0.0,0.0,0.0,0.0,0.0,0.0
55,0.4370967741935484,-0.0055,0.1004,-3.141592653589793,0,0,3,0.05,0.0,alginate_chitosan_pic_al1ch1_research,0.0,0.0,0.0009822025326061707,0.0004202190604801036,1,0.057748475881830505,0.24545805254716016,5.040002999999989,-0.3815759316510534,-1.531531259050588,2.192106228989779,-2.23095626113036,-1.5707429812332676,-0.38153742314607014,0.0,0.0,0.0,0.0,0.0,0.0,0.0,0.0,0.0,0.0,0.0,0.0
56,0.4370967741935484,-0.0055,0.1004,-3.141592653589793,1,0,4,0.01,0.0,alginate_chitosan_pic_al1ch1_research,0.0,0.0,0.0009822025326061707,0.0004202190604801036,1,0.057748475881830505,0.24545805254716016,5.040003999999989,-0.3815759316510534,-1.531531259050588,2.192106228989779,-2.23095626113036,-1.5707429812332676,-0.38153742314607014,0.0,0.0,0.0,0.0,0.0,0.0,0.0,0.0,0.0,0.0,0.0,0.0
57,0.4380967741935484,-0.0055,0.1004,-3.141592653589793,1,0,4,0.01,0.16,alginate_chitosan_pic_al1ch1_research,0.16,0.00016800000000000002,0.001292651510467942,0.0004202190604801036,1,0.057748475881830505,0.24545805254716016,5.140003999999989,-0.3815759316510534,-1.531531259050588,2.192106228989779,-2.23095626113036,-1.5707429812332676,-0.38153742314607014,0.0,0.0,0.0,0.0,0.0,0.0,0.3751916566908424,0.43587272341520855,-0.45812568042924356,0.011175967322252213,0.009681494533397821,0.3714953179911822
58,0.4390967741935484,-0.0055,0.1004,-3.141592653589793,1,0,4,0.01,0.16,alginate_chitosan_pic_al1ch1_research,0.16,0.00016800000000000002,0.0001206576913794582,0.0003393055496185305,2,0.05819622172605062,0.24564241177349633,5.240003999999988,-0.377824015084145,-1.527172531816436,2.1875249721854866,-2.2308445014571374,-1.5706461662879336,-0.3778224699661583,0.037519165669084274,0.04358727234152089,-0.0458125680429244,0.0011175967322252223,0.000968149453339783,0.03714953179911825,-0.3751916566908424,-0.43587272341520855,0.45812568042924356,-0.011175967322252213,-0.009681494533397821,-0.3714953179911822
59,0.4400967741935484,-0.0055,0.1004,-3.141592653589793,1,0,4,0.01,0.16,alginate_chitosan_pic_al1ch1_research,0.16,0.00016800000000000002,0.0009267333963481057,0.0003393055496185305,1,0.05819622172605062,0.24564241177349633,5.340003999999988,-0.377824015084145,-1.527172531816436,2.1875249721854866,-2.2308445014571374,-1.5706461662879336,-0.3778224699661583,0.0,0.0,0.0,0.0,0.0,0.0,0.0,0.0,0.0,0.0,0.0,0.0
60,0.4410967741935484,-0.0055,0.1004,-3.141592653589793,1,0,4,0.01,0.16,alginate_chitosan_pic_al1ch1_research,0.16,0.00016800000000000002,0.0019243469794516719,0.0003393055496185305,1,0.05819622172605062,0.24564241177349633,5.440003999999988,-0.377824015084145,-1.527172531816436,2.1875249721854866,-2.2308445014571374,-1.5706461662879336,-0.3778224699661583,0.0,0.0,0.0,0.0,0.0,0.0,0.25751005489673084,0.7081817875375305,-0.7508190670969737,0.03905653848068617,-0.0001888851813403033,0.2588756805789511
61,0.4420967741935484,-0.0055,0.1004,-3.141592653589793,1,0,4,0.01,0.16,alginate_chitosan_pic_al1ch1_research,0.16,0.00016800000000000002,0.0001082865911511917,0.0003070602989205771,2,0.05892935459892421,0.24591686154410108,5.540003999999987,-0.37524891453517767,-1.5200907139410607,2.180016781514517,-2.2304539360723306,-1.570648055139747,-0.3752337131603688,0.025751005489673105,0.07081817875375311,-0.07508190670969743,0.003905653848068621,-1.8888518134030346e-05,0.025887568057895136,-0.25751005489673084,-0.7081817875375305,0.7508190670969737,-0.03905653848068617,0.0001888851813403033,-0.2588756805789511
62,0.4430967741935484,-0.0055,0.1004,-3.141592653589793,1,0,4,0.01,0.16,alginate_chitosan_pic_al1ch1_research,0.16,0.00016800000000000002,0.0009392356591430083,0.0003070602989205771,1,0.05892935459892421,0.24591686154410108,5.640003999999987,-0.37524891453517767,-1.5200907139410607,2.180016781514517,-2.2304539360723306,-1.570648055139747,-0.3752337131603688,0.0,0.0,0.0,0.0,0.0,0.0,0.0,0.0,0.0,0.0,0.0,0.0
63,0.4440967741935484,-0.0055,0.1004,-3.141592653589793,1,0,4,0.01,0.16,alginate_chitosan_pic_al1ch1_research,0.16,0.00016800000000000002,0.0019371631993687214,0.0003070602989205771,1,0.05892935459892421,0.24591686154410108,5.740003999999987,-0.37524891453517767,-1.5200907139410607,2.180016781514517,-2.2304539360723306,-1.570648055139747,-0.3752337131603688,0.0,0.0,0.0,0.0,0.0,0.0,0.2532643253112017,0.7078259382019692,-0.7600199206909417,0.05193773595242736,6.039803941427161e-05,0.2532895752182225
64,0.4450967741935484,-0.0055,0.1004,-3.141592653589793,1,0,4,0.01,0.16,alginate_chitosan_pic_al1ch1_research,0.16,0.00016800000000000002,0.00010711556210081115,0.00030512945032008126,2,0.059670179425031916,0.24616556818452165,5.840003999999981,-0.37271627128206586,-1.5130124545590415,2.172416582307608,-2.2299345587128063,-1.570647451159353,-0.3727008174081868,0.025326432531119488,0.07078259382019501,-0.07600199206909213,0.005193773595242596,6.039803941426999e-06,0.025328957521821568,-0.2532643253112017,-0.7078259382019692,0.7600199206909417,-0.05193773595242736,-6.039803941427161e-05,-0.2532895752182225
65,0.4460967741935484,-0.0055,0.1004,-3.141592653589793,1,0,4,0.01,0.16,alginate_chitosan_pic_al1ch1_research,0.16,0.00016800000000000002,0.0009396003707416566,0.00030512945032008126,1,0.059670179425031916,0.24616556818452165,5.9400039999999805,-0.37271627128206586,-1.5130124545590415,2.172416582307608,-2.2299345587128063,-1.570647451159353,-0.3727008174081868,0.0,0.0,0.0,0.0,0.0,0.0,0.0,0.0,0.0,0.0,0.0,0.0
66,0.4470967741935484,-0.0055,0.1004,-3.141592653589793,1,0,4,0.01,0.16,alginate_chitosan_pic_al1ch1_research,0.16,0.00016800000000000002,0.0019375819904591258,0.00030512945032008126,1,0.059670179425031916,0.24616556818452165,6.04000399999998,-0.37271627128206586,-1.5130124545590415,2.172416582307608,-2.2299345587128063,-1.570647451159353,-0.3727008174081868,0.0,0.0,0.0,0.0,0.0,0.0,0.24982981107841654,0.7040811537635459,-0.7629274984615173,0.05872059415144005,6.471177649292047e-05,0.2498294097542371
67,0.4480967741935484,-0.0055,0.1004,-3.141592653589793,1,0,4,0.01,0.16,alginate_chitosan_pic_al1ch1_research,0.16,0.00016800000000000002,0.00010636405558502568,0.00030435145197796456,2,0.06041306226164468,0.2463857264901678,6.14000399999998,-0.3702179731712817,-1.505971643021406,2.164787307322993,-2.229347352771292,-1.570646804041588,-0.3702025233106444,0.024982981107841674,0.07040811537635465,-0.0762927498461518,0.00587205941514401,6.471177649292053e-06,0.02498294097542373,-0.24982981107841654,-0.7040811537635459,0.7629274984615173,-0.05872059415144005,-6.471177649292047e-05,-0.2498294097542371
68,0.4490967741935484,-0.0055,0.1004,-3.141592653589793,1,0,4,0.01,0.16,alginate_chitosan_pic_al1ch1_research,0.16,0.00016800000000000002,0.0009397374386276576,0.00030435145197796456,1,0.06041306226164468,0.2463857264901678,6.2400039999999795,-0.3702179731712817,-1.505971643021406,2.164787307322993,-2.229347352771292,-1.570646804041588,-0.3702025233106444,0.0,0.0,0.0,0.0,0.0,0.0,0.0,0.0,0.0,0.0,0.0,0.0
69,0.4500967741935484,-0.0055,0.1004,-3.141592653589793,1,0,4,0.01,0.16,alginate_chitosan_pic_al1ch1_research,0.16,0.00016800000000000002,0.0019377563300880868,0.00030435145197796456,1,0.06041306226164468,0.2463857264901678,6.340003999999979,-0.3702179731712817,-1.505971643021406,2.164787307322993,-2.229347352771292,-1.570646804041588,-0.3702025233106444,0.0,0.0,0.0,0.0,0.0,0.0,0.2464677443118564,0.700388297867892,-0.7656285886351797,0.06511726496585256,6.482846581778988e-05,0.24646702836316717
70,0.4510967741935484,-0.0055,0.1004,-3.141592653589793,1,0,4,0.01,0.16,alginate_chitosan_pic_al1ch1_research,0.16,0.00016800000000000002,0.0001056279907298259,0.00030360210513144244,2,0.06115773056123193,0.24657763531829333,6.440003999999979,-0.3677532957281631,-1.4989677600427271,2.157131021436641,-2.2286961801216334,-1.5706461557569298,-0.36773785302701273,0.02464677443118566,0.07003882978678927,-0.07656285886351803,0.006511726496585262,6.4828465817789945e-06,0.024646702836316738,-0.2464677443118564,-0.700388297867892,0.7656285886351797,-0.06511726496585256,-6.482846581778988e-05,-0.24646702836316717
71,0.4520967741935484,-0.0055,0.1004,-3.141592653589793,1,0,4,0.01,0.16,alginate_chitosan_pic_al1ch1_research,0.16,0.00016800000000000002,0.0009398814270435065,0.00030360210513144244,1,0.06115773056123193,0.24657763531829333,6.540003999999978,-0.3677532957281631,-1.4989677600427271,2.157131021436641,-2.2286961801216334,-1.5706461557569298,-0.36773785302701273,0.0,0.0,0.0,0.0,0.0,0.0,0.0,0.0,0.0,0.0,0.0,0.0
72,0.4530967741935484,-0.0055,0.1004,-3.141592653589793,1,0,4,0.01,0.16,alginate_chitosan_pic_al1ch1_research,0.16,0.00016800000000000002,0.0019379362531768325,0.00030360210513144244,1,0.06115773056123193,0.24657763531829333,6.640003999999978,-0.3677532957281631,-1.4989677600427271,2.157131021436641,-2.2286961801216334,-1.5706461557569298,-0.36773785302701273,0.0,0.0,0.0,0.0,0.0,0.0,0.24317352717234078,0.6968017414204374,-0.7683228897604963,0.07139592673000004,6.509771899310112e-05,0.24317293494868733
73,0.4540967741935484,-0.0055,0.1004,-3.141592653589793,1,0,4,0.01,0.16,alginate_chitosan_pic_al1ch1_research,0.16,0.00016800000000000002,0.00010489236412732261,0.00030283968510353565,2,0.061904071558043755,0.24674171569457026,6.740003999999978,-0.3653215604564397,-1.4919997426285228,2.149447792539036,-2.2279822208543334,-1.5706455047797399,-0.36530612367752585,0.0243173527172341,0.0696801741420438,-0.0768322889760497,0.007139592673000011,6.509771899310118e-06,0.024317293494868754,-0.24317352717234078,-0.6968017414204374,0.7683228897604963,-0.07139592673000004,-6.509771899310112e-05,-0.24317293494868733
74,0.4550967741935484,-0.0055,0.1004,-3.141592653589793,1,0,4,0.01,0.16,alginate_chitosan_pic_al1ch1_research,0.16,0.00016800000000000002,0.0009400388641496347,0.00030283968510353565,1,0.061904071558043755,0.24674171569457026,6.840003999999977,-0.3653215604564397,-1.4919997426285228,2.149447792539036,-2.2279822208543334,-1.5706455047797399,-0.36530612367752585,0.0,0.0,0.0,0.0,0.0,0.0,0.0,0.0,0.0,0.0,0.0,0.0
75,0.4560967741935484,-0.0055,0.1004,-3.141592653589793,1,0,4,0.01,0.16,alginate_chitosan_pic_al1ch1_research,0.16,0.00016800000000000002,0.001938128923516507,0.00030283968510353565,1,0.061904071558043755,0.24674171569457026,6.940003999999977,-0.3653215604564397,-1.4919997426285228,2.149447792539036,-2.2279822208543334,-1.5706455047797399,-0.36530612367752585,0.0,0.0,0.0,0.0,0.0,0.0,0.23994563029618401,0.6933206943017899,-0.771018664875943,0.07757039542317642,6.535040080191111e-05,0.2399451703962048
76,0.4570967741935484,-0.0055,0.1004,-3.141592653589793,1,0,4,0.01,0.16,alginate_chitosan_pic_al1ch1_research,0.16,0.00016800000000000002,0.0001041565122495726,0.0003020629423379164,2,0.06265197674108693,0.24687841512527275,7.040003999999977,-0.36292210415347786,-1.4850665356855048,2.1417376058902766,-2.2272065169001016,-1.5706448512757318,-0.3629066719735638,0.023994563029618422,0.06933206943017906,-0.07710186648759436,0.007757039542317649,6.5350400801911176e-06,0.0239945170396205,-0.23994563029618401,-0.6933206943017899,0.771018664875943,-0.07757039542317642,-6.535040080191111e-05,-0.2399451703962048
77,0.4580967741935484,-0.0055,0.1004,-3.141592653589793,1,0,4,0.01,0.16,alginate_chitosan_pic_al1ch1_research,0.16,0.00016800000000000002,0.0009402097232763114,0.0003020629423379164,1,0.06265197674108693,0.24687841512527275,7.140003999999976,-0.36292210415347786,-1.4850665356855048,2.1417376058902766,-2.2272065169001016,-1.5706448512757318,-0.3629066719735638,0.0,0.0,0.0,0.0,0.0,0.0,0.0,0.0,0.0,0.0,0.0,0.0
78,0.4590967741935484,-0.0055,0.1004,-3.141592653589793,1,0,4,0.01,0.16,alginate_chitosan_pic_al1ch1_research,0.16,0.00016800000000000002,0.0019383343541408548,0.0003020629423379164,1,0.06265197674108693,0.24687841512527275,7.240003999999976,-0.36292210415347786,-1.4850665356855048,2.1417376058902766,-2.2272065169001016,-1.5706448512757318,-0.3629066719735638,0.0,0.0,0.0,0.0,0.0,0.0,0.23678228489391565,0.6899429129618039,-0.7737172551350189,0.08364443446806633,6.557270608720233e-05,0.23678195881020006
79,0.4600967741935484,-0.0055,0.1004,-3.141592653589793,1,0,4,0.01,0.16,alginate_chitosan_pic_al1ch1_research,0.16,0.00016800000000000002,0.00010342031261660716,0.0003012721096191292,2,0.06340133633410032,0.24698820078909697,7.3400039999999755,-0.3605542813045387,-1.4781671065558868,2.1340004333389264,-2.226370072555421,-1.570644195548671,-0.3605388523854618,0.023678228489391585,0.06899429129618045,-0.07737172551350195,0.00836444344680664,6.557270608720239e-06,0.023678195881020027,-0.23678228489391565,-0.6899429129618039,0.7737172551350189,-0.08364443446806633,-6.557270608720233e-05,-0.23678195881020006
80,0.4610967741935484,-0.0055,0.1004,-3.141592653589793,1,0,4,0.01,0.16,alginate_chitosan_pic_al1ch1_research,0.16,0.00016800000000000002,0.0009403937546757889,0.0003012721096191292,1,0.06340133633410032,0.24698820078909697,7.440003999999975,-0.3605542813045387,-1.4781671065558868,2.1340004333389264,-2.226370072555421,-1.570644195548671,-0.3605388523854618,0.0,0.0,0.0,0.0,0.0,0.0,0.0,0.0,0.0,0.0,0.0,0.0
81,0.4620967741935484,-0.0055,0.1004,-3.141592653589793,1,0,4,0.01,0.16,alginate_chitosan_pic_al1ch1_research,0.16,0.00016800000000000002,0.0019385523120629845,0.0003012721096191292,1,0.06340133633410032,0.24698820078909697,7.540003999999975,-0.3605542813045387,-1.4781671065558868,2.1340004333389264,-2.226370072555421,-1.570644195548671,-0.3605388523854618,0.0,0.0,0.0,0.0,0.0,0.0,0.0,0.0,0.0,0.0,0.0,0.0
82,0.4620967741935484,-0.0055,0.1004,-3.141592653589793,0,0,5,0.05,0.0,alginate_chitosan_pic_al1ch1_research,0.0,0.0,0.0019385523120629845,0.0003012721096191292,1,0.06340133633410032,0.24698820078909697,7.5400055891739415,-0.3605542813045387,-1.4781671065558868,2.1340004333389264,-2.226370072555421,-1.570644195548671,-0.3605388523854618,0.0,0.0,0.0,0.0,0.0,0.0,7.1758698039427244,8.809908637710985,-9.999814642765998,1.2516561808181652,0.01194301437195112,7.145638104082114
83,0.4620967741935484,-0.0045,0.1004,-3.141592653589793,0,0,5,0.05,0.0,alginate_chitosan_pic_al1ch1_research,0.0,0.0,0.00011367934551855242,0.00033100564728797,2,0.06388926497986241,0.24704302052492366,7.571789363079046,-0.3569295385189692,-1.4737169627198707,2.12894923300033,-2.2257378242238053,-1.5706381627810253,-0.35692938052020706,0.11404381356322901,0.14001307237154156,-0.1589238695718615,0.019892173078734057,0.0001898065240355118,0.11356335078494552,-7.176002816346049,-8.81007193876758,10.000000000000002,-1.2516793816009686,-0.01194323574846546,-7.145770556108625
84,0.4620967741935484,-0.0045,0.1004,-3.141592653589793,1,0,6,0.01,0.0,alginate_chitosan_pic_al1ch1_research,0.0,0.0,0.00011367934551855242,0.00033100564728797,1,0.06388926497986241,0.24704302052492366,7.571790363088314,-0.3569295385189692,-1.4737169627198707,2.12894923300033,-2.2257378242238053,-1.5706381627810253,-0.35692938052020706,0.0,0.0,0.0,0.0,0.0,0.0,0.0,0.0,0.0,0.0,0.0,0.0
85,0.4610967741935484,-0.0045,0.1004,-3.141592653589793,1,0,6,0.01,0.16,alginate_chitosan_pic_al1ch1_research,0.16,0.00016800000000000002,0.001078127223917877,0.00033100564728797,1,0.06388926497986241,0.24704302052492366,7.671790363088315,-0.3569295385189692,-1.4737169627198707,2.12894923300033,-2.2257378242238053,-1.5706381627810253,-0.35692938052020706,0.0,0.0,0.0,0.0,0.0,0.0,-0.141953602099931,-0.4376210317527321,0.4900337036293659,-0.040287464741073295,-0.008676810317131951,-0.13868096636823732
86,0.4600967741935484,-0.0045,0.1004,-3.141592653589793,1,0,6,0.01,0.16,alginate_chitosan_pic_al1ch1_research,0.16,0.00016800000000000002,0.00016826316087766512,0.00041945710305494455,2,0.06341437832040552,0.2469839158731574,7.771790363088314,-0.3583490745399685,-1.478093173037398,2.133849570036624,-2.226140698871216,-1.5707249308841966,-0.35831619018388944,-0.014195360209993112,-0.04376210317527325,0.04900337036293663,-0.004028746474107333,-0.0008676810317131959,-0.013868096636823745,0.141953602099931,0.4376210317527321,-0.4900337036293659,0.040287464741073295,0.008676810317131951,0.13868096636823732
87,0.4590967741935484,-0.0045,0.1004,-3.141592653589793,1,0,6,0.01,0.16,alginate_chitosan_pic_al1ch1_research,0.16,0.00016800000000000002,0.0011453579615273188,0.00041945710305494455,1,0.06341437832040552,0.2469839158731574,7.871790363088314,-0.3583490745399685,-1.478093173037398,2.133849570036624,-2.226140698871216,-1.5707249308841966,-0.35831619018388944,0.0,0.0,0.0,0.0,0.0,0.0,-0.15596700205498498,-0.45902771645807056,0.515407181298321,-0.05589689924563313,-0.0004608174752895869,-0.15582241727753993
88,0.4580967741935484,-0.0045,0.1004,-3.141592653589793,1,0,6,0.01,0.16,alginate_chitosan_pic_al1ch1_research,0.16,0.00016800000000000002,0.00017036999489460991,0.00042356171374130264,2,0.06291531660588716,0.24691385271276542,7.971790363088314,-0.35990874456051836,-1.4826834502019788,2.139003641849607,-2.2266996678636723,-1.5707295390589495,-0.35987441435666484,-0.015596700205498512,-0.0459027716458071,0.05154071812983214,-0.005589689924563318,-4.608174752895873e-05,-0.015582241727754007,0.15596700205498498,0.45902771645807056,-0.515407181298321,0.05589689924563313,0.0004608174752895869,0.15582241727753993
89,0.4570967741935484,-0.0045,0.1004,-3.141592653589793,1,0,6,0.01,0.16,alginate_chitosan_pic_al1ch1_research,0.16,0.00016800000000000002,0.0011474007415635855,0.00042356171374130264,1,0.06291531660588716,0.24691385271276542,8.071790363088313,-0.35990874456051836,-1.4826834502019788,2.139003641849607,-2.2266996678636723,-1.5707295390589495,-0.35987441435666484,0.0,0.0,0.0,0.0,0.0,0.0,-0.15785992936492826,-0.46106534449632447,0.5150673569298982,-0.053998296162971374,-0.00012496987449317465,-0.15782462319560125
90,0.4560967741935484,-0.0045,0.1004,-3.141592653589793,1,0,6,0.01,0.16,alginate_chitosan_pic_al1ch1_research,0.16,0.00016800000000000002,0.00017076192825931754,0.0004234318124886786,2,0.06241610639272448,0.2468319282923535,8.171790363088313,-0.36148734385416764,-1.487294103646942,2.144154315418906,-2.227239650825302,-1.5707307887576945,-0.36145266058862086,-0.01578599293649284,-0.04610653444963249,0.051506735692989865,-0.005399829616297142,-1.2496987449317475e-05,-0.01578246231956014,0.15785992936492826,0.46106534449632447,-0.5150673569298982,0.053998296162971374,0.00012496987449317465,0.15782462319560125
91,0.4550967741935484,-0.0045,0.1004,-3.141592653589793,1,0,6,0.01,0.16,alginate_chitosan_pic_al1ch1_research,0.16,0.00016800000000000002,0.0011477177406827297,0.0004234318124886786,1,0.06241610639272448,0.2468319282923535,8.271790363088313,-0.36148734385416764,-1.487294103646942,2.144154315418906,-2.227239650825302,-1.5707307887576945,-0.36145266058862086,0.0,0.0,0.0,0.0,0.0,0.0,-0.15928347903498813,-0.4625951469537917,0.5138973298845597,-0.05131663752870876,-0.00011338097334334642,-0.15925243755476298
92,0.4540967741935484,-0.0045,0.1004,-3.141592653589793,1,0,6,0.01,0.16,alginate_chitosan_pic_al1ch1_research,0.16,0.00016800000000000002,0.00017109563494752244,0.00042314098406419115,2,0.06191753291721285,0.246737966904489,8.371790363088312,-0.3630801786445175,-1.49192005511648,2.1492932887177516,-2.227752817200589,-1.5707319225674279,-0.3630451849641685,-0.015928347903498827,-0.046259514695379214,0.05138973298845601,-0.005131663752870881,-1.1338097334334652e-05,-0.015925243755476312,0.15928347903498813,0.4625951469537917,-0.5138973298845597,0.05131663752870876,0.00011338097334334642,0.15925243755476298
93,0.4530967741935484,-0.0045,0.1004,-3.141592653589793,1,0,6,0.01,0.16,alginate_chitosan_pic_al1ch1_research,0.16,0.00016800000000000002,0.001147982514926835,0.00042314098406419115,1,0.06191753291721285,0.246737966904489,8.471790363088312,-0.3630801786445175,-1.49192005511648,2.1492932887177516,-2.227752817200589,-1.5707319225674279,-0.3630451849641685,0.0,0.0,0.0,0.0,0.0,0.0,-0.1607076798534665,-0.46413902965729475,0.5126984026681205,-0.048575287640950565,-0.00011435826474670543,-0.16067655084663318
94,0.4520967741935484,-0.0045,0.1004,-3.141592653589793,1,0,6,0.01,0.16,alginate_chitosan_pic_al1ch1_research,0.16,0.00016800000000000002,0.00017143111921974597,0.0004228374990005829,2,0.06141965486871611,0.24663182975640738,8.571790363088311,-0.3646872554430522,-1.496561445413053,2.154420272744433,-2.2282385700769987,-1.5707330661500754,-0.3646519504726348,-0.016070767985346665,-0.04641390296572952,0.05126984026681209,-0.0048575287640950605,-1.1435826474670553e-05,-0.016067655084663332,0.1607076798534665,0.46413902965729475,-0.5126984026681205,0.048575287640950565,0.00011435826474670543,0.16067655084663318
95,0.4510967741935484,-0.0045,0.1004,-3.141592653589793,1,0,6,0.01,0.16,alginate_chitosan_pic_al1ch1_research,0.16,0.00016800000000000002,0.0011482501791974331,0.0004228374990005829,1,0.06141965486871611,0.24663182975640738,8.671790363088311,-0.3646872554430522,-1.496561445413053,2.154420272744433,-2.2282385700769987,-1.5707330661500754,-0.3646519504726348,0.0,0.0,0.0,0.0,0.0,0.0,-0.16215055622706948,-0.46571341621124335,0.5114989520718973,-0.04580229997910293,-0.00011583697085981705,-0.16211916632240503
96,0.4500967741935484,-0.0045,0.1004,-3.141592653589793,1,0,6,0.01,0.16,alginate_chitosan_pic_al1ch1_research,0.16,0.00016800000000000002,0.00017177071926745456,0.00042252685406908553,2,0.0609225054190767,0.24651338293357497,8.77179036308831,-0.3663087610053229,-1.5012185795751654,2.159535262265152,-2.2286965930767897,-1.570734224519784,-0.3662731421358589,-0.01621505562270696,-0.046571341621124376,0.05114989520718977,-0.004580229997910297,-1.1583697085981715e-05,-0.016211916632240517,0.16215055622706948,0.46571341621124335,-0.5114989520718973,0.04580229997910293,0.00011583697085981705,0.16211916632240503
97,0.4490967741935484,-0.0045,0.1004,-3.141592653589793,1,0,6,0.01,0.16,alginate_chitosan_pic_al1ch1_research,0.16,0.00016800000000000002,0.0011485228173194106,0.00042252685406908553,1,0.0609225054190767,0.24651338293357497,8.87179036308831,-0.3663087610053229,-1.5012185795751654,2.159535262265152,-2.2286965930767897,-1.570734224519784,-0.3662731421358589,0.0,0.0,0.0,0.0,0.0,0.0,-0.16361312398080446,-0.46731930306940145,0.5102998175696252,-0.042998114783854215,-0.00011736406648754618,-0.16358146409402002
98,0.4480967741935484,-0.0045,0.1004,-3.141592653589793,1,0,6,0.01,0.16,alginate_chitosan_pic_al1ch1_research,0.16,0.00016800000000000002,0.00017211463298424647,0.00042220924034646663,2,0.060426116534917786,0.2463824969179704,8.97179036308831,-0.36794489224513094,-1.5058917726058594,2.164638260440848,-2.2291265742246282,-1.5707353981604488,-0.3679089567767991,-0.01636131239808046,-0.046731930306940186,0.05102998175696256,-0.004299811478385426,-1.1736406648754628e-05,-0.016358146409402016,0.16361312398080446,0.46731930306940145,-0.5102998175696252,0.042998114783854215,0.00011736406648754618,0.16358146409402002
99,0.4470967741935484,-0.0045,0.1004,-3.141592653589793,1,0,6,0.01,0.16,alginate_chitosan_pic_al1ch1_research,0.16,0.00016800000000000002,0.001148800649901711,0.00042220924034646663,1,0.060426116534917786,0.2463824969179704,9.07179036308831,-0.36794489224513094,-1.5058917726058594,2.164638260440848,-2.2291265742246282,-1.5707353981604488,-0.3679089567767991,0.0,0.0,0.0,0.0,0.0,0.0,-0.1650957724240007,-0.46895718116490764,0.5091008214311623,-0.04016208577817253,-0.00011892346314379389,-0.16506383972709177
100,0.4460967741935484,-0.0045,0.1004,-3.141592653589793,1,0,6,0.01,0.16,alginate_chitosan_pic_al1ch1_research,0.16,0.00016800000000000002,0.00017246298262191812,0.0004218846533800097,2,0.05993051986313938,0.24623904709395497,9.17179036308831,-0.36959584996937095,-1.5105813444175085,2.1697292686551597,-2.22952819508241,-1.5707365873950803,-0.36955959517407,-0.016509577242400084,-0.046895718116490806,0.05091008214311627,-0.004016208577817256,-1.18923463143794e-05,-0.01650638397270919,0.1650957724240007,0.46895718116490764,-0.5091008214311623,0.04016208577817253,0.00011892346314379389,0.16506383972709177
101,0.4450967741935484,-0.0045,0.1004,-3.141592653589793,1,0,6,0.01,0.16,alginate_chitosan_pic_al1ch1_research,0.16,0.00016800000000000002,0.00114908383504552,0.0004218846533800097,1,0.05993051986313938,0.24623904709395497,9.271790363088309,-0.36959584996937095,-1.5105813444175085,2.1697292686551597,-2.22952819508241,-1.5707365873950803,-0.36955959517407,0.0,0.0,0.0,0.0,0.0,0.0,-0.16659887567047307,-0.4706275344036276,0.507901745647518,-0.037293511801020626,-0.00012051546958159337,-0.16656666757645347
102,0.4440967741935484,-0.0045,0.1004,-3.141592653589793,1,0,6,0.01,0.16,alginate_chitosan_pic_al1ch1_research,0.16,0.00016800000000000002,0.00017281589254694682,0.0004215530864368787,2,0.05943574676652478,0.24608291427408663,9.371790363088303,-0.37126183872607554,-1.5152876197615444,2.1748082861116345,-2.22990113020042,-1.570737792549776,-0.3712252618498344,-0.01665988756704686,-0.047062753440361496,0.050790174564750434,-0.0037293511801019625,-1.2051546958159014e-05,-0.0166566667576449,0.16659887567047307,0.4706275344036276,-0.507901745647518,0.037293511801020626,0.00012051546958159337,0.16656666757645347
103,0.4430967741935484,-0.0045,0.1004,-3.141592653589793,1,0,6,0.01,0.16,alginate_chitosan_pic_al1ch1_research,0.16,0.00016800000000000002,0.0011493725342049785,0.0004215530864368787,1,0.05943574676652478,0.24608291427408663,9.471790363088303,-0.37126183872607554,-1.5152876197615444,2.1748082861116345,-2.22990113020042,-1.570737792549776,-0.3712252618498344,0.0,0.0,0.0,0.0,0.0,0.0,-0.168122815741317,-0.4723308575308441,0.5067023683633645,-0.034391676177092316,-0.00012214104416763383,-0.16809032967918774
104,0.4420967741935484,-0.0045,0.1004,-3.141592653589793,1,0,6,0.01,0.16,alginate_chitosan_pic_al1ch1_research,0.16,0.00016800000000000002,0.00017317349240047932,0.00042121453817674064,2,0.05894182832774641,0.24591398521799981,9.571790363088303,-0.3729430668834887,-1.5200109283368528,2.179875309795268,-2.230245046962191,-1.5707390139602178,-0.3729061651466263,-0.016812281574131713,-0.04723308575308445,0.050670236836336494,-0.003439167617709235,-1.2214104416763395e-05,-0.01680903296791879,0.168122815741317,0.4723308575308441,-0.5067023683633645,0.034391676177092316,0.00012214104416763383,0.16809032967918774
105,0.4410967741935484,-0.0045,0.1004,-3.141592653589793,1,0,6,0.01,0.16,alginate_chitosan_pic_al1ch1_research,0.16,0.00016800000000000002,0.0011496669148540555,0.00042121453817674064,1,0.05894182832774641,0.24591398521799981,9.671790363088302,-0.3729430668834887,-1.5200109283368528,2.179875309795268,-2.230245046962191,-1.5707390139602178,-0.3729061651466263,0.0,0.0,0.0,0.0,0.0,0.0,-0.16966798367822306,-0.4740676570132765,0.5055024651311681,-0.03145584787485051,-0.00012380120515409466,-0.1696352170862278
106,0.4400967741935484,-0.0045,0.1004,-3.141592653589793,1,0,6,0.01,0.16,alginate_chitosan_pic_al1ch1_research,0.16,0.00016800000000000002,0.00017353591745035264,0.00042086901330455666,2,0.058448795352122274,0.24573215313035396,9.771790363088302,-0.37463974672027095,-1.5247516049069856,2.18493033444658,-2.2305596054409396,-1.5707402519722693,-0.37460251731748856,-0.01696679836782232,-0.047406765701327694,0.05055024651311686,-0.0031455847874850536,-1.2380120515409477e-05,-0.016963521708622795,0.16966798367822306,0.4740676570132765,-0.5055024651311681,0.03145584787485051,0.00012380120515409466,0.1696352170862278
107,0.4390967741935484,-0.0045,0.1004,-3.141592653589793,1,0,6,0.01,0.16,alginate_chitosan_pic_al1ch1_research,0.16,0.00016800000000000002,0.0011499671508132892,0.00042086901330455666,1,0.058448795352122274,0.24573215313035396,9.871790363088301,-0.37463974672027095,-1.5247516049069856,2.18493033444658,-2.2305596054409396,-1.5707402519722693,-0.37460251731748856,0.0,0.0,0.0,0.0,0.0,0.0,-0.17123477983733676,-0.47583845130447694,0.504301808836737,-0.028485281195766935,-0.00012549700969532985,-0.171201730164455
108,0.4380967741935484,-0.0045,0.1004,-3.141592653589793,1,0,6,0.01,0.16,alginate_chitosan_pic_al1ch1_research,0.16,0.00016800000000000002,0.00017390330885213483,0.0004205165229786857,2,0.05795667837026443,0.2455373181107889,9.971790363088301,-0.3763520945186443,-1.5295099894200304,2.189973352534947,-2.2308444582528972,-1.5707415069423663,-0.3763145346191331,-0.01712347798373369,-0.047583845130447736,0.05043018088367375,-0.002848528119576696,-1.2549700969532995e-05,-0.017120173016445514,0.17123477983733676,0.47583845130447694,-0.504301808836737,0.028485281195766935,0.00012549700969532985,0.171201730164455
109,0.4370967741935484,-0.0045,0.1004,-3.141592653589793,1,0,6,0.01,0.16,alginate_chitosan_pic_al1ch1_research,0.16,0.00016800000000000002,0.001150273422502085,0.0004205165229786857,1,0.05795667837026443,0.2455373181107889,10.0717903630883,-0.3763520945186443,-1.5295099894200304,2.189973352534947,-2.2308444582528972,-1.5707415069423663,-0.3763145346191331,0.0,0.0,0.0,0.0,0.0,0.0,0.0,0.0,0.0,0.0,0.0,0.0
110,0.4370967741935484,-0.0045,0.1004,-3.141592653589793,0,0,7,0.05,0.0,alginate_chitosan_pic_al1ch1_research,0.0,0.0,0.001150273422502085,0.0004205165229786857,1,0.05795667837026443,0.2455373181107889,10.0717913630883,-0.3763520945186443,-1.5295099894200304,2.189973352534947,-2.2308444582528972,-1.5707415069423663,-0.3763145346191331,0.0,0.0,0.0,0.0,0.0,0.0,0.0,0.0,0.0,0.0,0.0,0.0
111,0.4370967741935484,-0.0035,0.1004,-3.141592653589793,0,0,7,0.05,0.0,alginate_chitosan_pic_al1ch1_research,0.0,0.0,0.0015024852330255336,0.0004205165229786857,1,0.05795667837026443,0.2455373181107889,10.0917913630883,-0.3763520945186443,-1.5295099894200304,2.189973352534947,-2.2308444582528972,-1.5707415069423663,-0.3763145346191331,0.0,0.0,0.0,0.0,0.0,0.0,0.0,0.0,0.0,0.0,0.0,0.0
112,0.4370967741935484,-0.0035,0.1004,-3.141592653589793,1,0,8,0.01,0.0,alginate_chitosan_pic_al1ch1_research,0.0,0.0,0.0015024852330255336,0.0004205165229786857,1,0.05795667837026443,0.2455373181107889,10.091792363088299,-0.3763520945186443,-1.5295099894200304,2.189973352534947,-2.2308444582528972,-1.5707415069423663,-0.3763145346191331,0.0,0.0,0.0,0.0,0.0,0.0,0.0,0.0,0.0,0.0,0.0,0.0
113,0.4380967741935484,-0.0035,0.1004,-3.141592653589793,1,0,8,0.01,0.16,alginate_chitosan_pic_al1ch1_research,0.16,0.00016800000000000002,0.0009821279396162463,0.0004205165229786857,1,0.05795667837026443,0.2455373181107889,10.191792363088299,-0.3763520945186443,-1.5295099894200304,2.189973352534947,-2.2308444582528972,-1.5707415069423663,-0.3763145346191331,0.0,0.0,0.0,0.0,0.0,0.0,0.0,0.0,0.0,0.0,0.0,0.0
114,0.4390967741935484,-0.0035,0.1004,-3.141592653589793,1,0,8,0.01,0.16,alginate_chitosan_pic_al1ch1_research,0.16,0.00016800000000000002,0.001292938012470017,0.0004205165229786857,1,0.05795667837026443,0.2455373181107889,10.291792363088298,-0.3763520945186443,-1.5295099894200304,2.189973352534947,-2.2308444582528972,-1.5707415069423663,-0.3763145346191331,0.0,0.0,0.0,0.0,0.0,0.0,0.37272693120556855,0.4364729249780811,-0.459901842130738,0.012303279863834482,0.009610343557242534,0.36907615182076237
115,0.4400967741935484,-0.0035,0.1004,-3.141592653589793,1,0,8,0.01,0.16,alginate_chitosan_pic_al1ch1_research,0.16,0.00016800000000000002,0.00012034089771861935,0.0003393817425997348,2,0.058406082316287106,0.2457171001542822,10.391792363088298,-0.37262482520658863,-1.5251452601702495,2.18537433411364,-2.230721425454259,-1.5706454035067938,-0.3726237731009255,0.037272693120556886,0.043647292497808146,-0.04599018421307384,0.0012303279863834493,0.0009610343557242542,0.03690761518207627,-0.37272693120556855,-0.4364729249780811,0.459901842130738,-0.012303279863834482,-0.009610343557242534,-0.36907615182076237
116,0.4410967741935484,-0.0035,0.1004,-3.141592653589793,1,0,8,0.01,0.16,alginate_chitosan_pic_al1ch1_research,0.16,0.00016800000000000002,0.000926957223846951,0.0003393817425997348,1,0.058406082316287106,0.2457171001542822,10.491792363088297,-0.37262482520658863,-1.5251452601702495,2.18537433411364,-2.230721425454259,-1.5706454035067938,-0.3726237731009255,0.0,0.0,0.0,0.0,0.0,0.0,0.0,0.0,0.0,0.0,0.0,0.0
117,0.4420967741935484,-0.0035,0.1004,-3.141592653589793,1,0,8,0.01,0.16,alginate_chitosan_pic_al1ch1_research,0.16,0.00016800000000000002,0.0019245824113350858,0.0003393817425997348,1,0.058406082316287106,0.2457171001542822,10.591792363088297,-0.37262482520658863,-1.5251452601702495,2.18537433411364,-2.230721425454259,-1.5706454035067938,-0.3726237731009255,0.0,0.0,0.0,0.0,0.0,0.0,0.2536290653912916,0.7073111249085593,-0.7518450828993815,0.04095455131301044,-0.0002089793335713349,0.2550082906559499
118,0.4430967741935484,-0.0035,0.1004,-3.141592653589793,1,0,8,0.01,0.16,alginate_chitosan_pic_al1ch1_research,0.16,0.00016800000000000002,0.00010796348049014149,0.0003070725025010069,2,0.05914004549060739,0.2459835089774428,10.691792363088297,-0.3700885345526757,-1.518072148921164,2.177855883284646,-2.230311879941129,-1.5706474933001295,-0.370073690194366,0.025362906539129183,0.070731112490856,-0.07518450828993821,0.004095455131301048,-2.0897933357133508e-05,0.025500829065595008,-0.2536290653912916,-0.7073111249085593,0.7518450828993815,-0.04095455131301044,0.0002089793335713349,-0.2550082906559499
119,0.4440967741935484,-0.0035,0.1004,-3.141592653589793,1,0,8,0.01,0.16,alginate_chitosan_pic_al1ch1_research,0.16,0.00016800000000000002,0.0009394473558964765,0.0003070725025010069,1,0.05914004549060739,0.2459835089774428,10.791792363088296,-0.3700885345526757,-1.518072148921164,2.177855883284646,-2.230311879941129,-1.5706474933001295,-0.370073690194366,0.0,0.0,0.0,0.0,0.0,0.0,0.0,0.0,0.0,0.0,0.0,0.0
120,0.4450967741935484,-0.0035,0.1004,-3.141592653589793,1,0,8,0.01,0.16,alginate_chitosan_pic_al1ch1_research,0.16,0.00016800000000000002,0.0019373865272273383,0.0003070725025010069,1,0.05914004549060739,0.2459835089774428,10.89179236308829,-0.3700885345526757,-1.518072148921164,2.177855883284646,-2.230311879941129,-1.5706474933001295,-0.370073690194366,0.0,0.0,0.0,0.0,0.0,0.0,0.2494285864509958,0.7069589771882395,-0.7610325088012824,0.05381642540571858,5.99736935225097e-05,0.24945414069498334
121,0.4460967741935484,-0.0035,0.1004,-3.141592653589793,1,0,8,0.01,0.16,alginate_chitosan_pic_al1ch1_research,0.16,0.00016800000000000002,0.00010679347619110221,0.00030513546412947487,2,0.059881656751912295,0.24622419201841456,10.99179236308829,-0.3675942486881658,-1.5110025591492817,2.1702455581966333,-2.2297737156870716,-1.5706468935631943,-0.3675791487874162,0.02494285864509891,0.07069589771882205,-0.07610325088012619,0.005381642540571713,5.997369352250809e-06,0.024945414069497664,-0.2494285864509889,-0.7069589771882199,0.7610325088012613,-0.053816425405717086,-5.997369352250804e-05,-0.24945414069497643
122,0.4470967741935484,-0.0035,0.1004,-3.141592653589793,1,0,8,0.01,0.16,alginate_chitosan_pic_al1ch1_research,0.16,0.00016800000000000002,0.0009398142404765452,0.00030513546412947487,1,0.059881656751912295,0.24622419201841456,11.09179236308829,-0.3675942486881658,-1.5110025591492817,2.1702455581966333,-2.2297737156870716,-1.5706468935631943,-0.3675791487874162,0.0,0.0,0.0,0.0,0.0,0.0,0.0,0.0,0.0,0.0,0.0,0.0
123,0.4480967741935484,-0.0035,0.1004,-3.141592653589793,1,0,8,0.01,0.16,alginate_chitosan_pic_al1ch1_research,0.16,0.00016800000000000002,0.0019378072057477842,0.00030513546412947487,1,0.059881656751912295,0.24622419201841456,11.19179236308829,-0.3675942486881658,-1.5110025591492817,2.1702455581966333,-2.2297737156870716,-1.5706468935631943,-0.3675791487874162,0.0,0.0,0.0,0.0,0.0,0.0,0.2460493591938169,0.7032405176762944,-0.7639383124885755,0.06057120195803723,6.45443940294753e-05,0.2460490288701818
124,0.4490967741935484,-0.0035,0.1004,-3.141592653589793,1,0,8,0.01,0.16,alginate_chitosan_pic_al1ch1_research,0.16,0.00016800000000000002,0.00010604293592066104,0.0003043517456492858,2,0.060625294186112524,0.24643641656809118,11.29179236308829,-0.36513375509622764,-1.5039701539725188,2.1626061750717476,-2.2291680036674912,-1.570646248119254,-0.3651186584987144,0.02460493591938171,0.0703240517676295,-0.07639383124885761,0.006057120195803728,6.454439402947537e-06,0.0246049028870182,-0.2460493591938169,-0.7032405176762944,0.7639383124885755,-0.06057120195803723,-6.45443940294753e-05,-0.2460490288701818
125,0.4500967741935484,-0.0035,0.1004,-3.141592653589793,1,0,8,0.01,0.16,alginate_chitosan_pic_al1ch1_research,0.16,0.00016800000000000002,0.0009399528110921896,0.0003043517456492858,1,0.060625294186112524,0.24643641656809118,11.391792363088289,-0.36513375509622764,-1.5039701539725188,2.1626061750717476,-2.2291680036674912,-1.570646248119254,-0.3651186584987144,0.0,0.0,0.0,0.0,0.0,0.0,0.0,0.0,0.0,0.0,0.0,0.0
126,0.4510967741935484,-0.0035,0.1004,-3.141592653589793,1,0,8,0.01,0.16,alginate_chitosan_pic_al1ch1_research,0.16,0.00016800000000000002,0.0019379828352959034,0.0003043517456492858,1,0.060625294186112524,0.24643641656809118,11.491792363088289,-0.36513375509622764,-1.5039701539725188,2.1626061750717476,-2.2291680036674912,-1.570646248119254,-0.3651186584987144,0.0,0.0,0.0,0.0,0.0,0.0,0.24274156795636673,0.6995734835311117,-0.7666380161231321,0.06694067869235086,6.465215693918213e-05,0.24274092121777072
127,0.4520967741935484,-0.0035,0.1004,-3.141592653589793,1,0,8,0.01,0.16,alginate_chitosan_pic_al1ch1_research,0.16,0.00016800000000000002,0.00010530780543943397,0.0003035967691863701,2,0.06137068478277776,0.24662049226625152,11.591792363088288,-0.36270633941666397,-1.4969744191372076,2.1549397949105162,-2.2284985968805677,-1.5706456015976846,-0.3626912492865367,0.024274156795636694,0.06995734835311124,-0.07666380161231327,0.0066940678692350925,6.465215693918219e-06,0.024274092121777092,-0.24274156795636673,-0.6995734835311117,0.7666380161231321,-0.06694067869235086,-6.465215693918213e-05,-0.24274092121777072
128,0.4530967741935484,-0.0035,0.1004,-3.141592653589793,1,0,8,0.01,0.16,alginate_chitosan_pic_al1ch1_research,0.16,0.00016800000000000002,0.0009400982287434556,0.0003035967691863701,1,0.06137068478277776,0.24662049226625152,11.691792363088288,-0.36270633941666397,-1.4969744191372076,2.1549397949105162,-2.2284985968805677,-1.5706456015976846,-0.3626912492865367,0.0,0.0,0.0,0.0,0.0,0.0,0.0,0.0,0.0,0.0,0.0,0.0
129,0.4540967741935484,-0.0035,0.1004,-3.141592653589793,1,0,8,0.01,0.16,alginate_chitosan_pic_al1ch1_research,0.16,0.00016800000000000002,0.0019381639831259634,0.0003035967691863701,1,0.06137068478277776,0.24662049226625152,11.791792363088287,-0.36270633941666397,-1.4969744191372076,2.1549397949105162,-2.2284985968805677,-1.5706456015976846,-0.3626912492865367,0.0,0.0,0.0,0.0,0.0,0.0,0.23950047945346345,0.6960122490433417,-0.7693312616380497,0.07319297302941218,6.491348250037264e-05,0.23949995914129232
130,0.4550967741935484,-0.0035,0.1004,-3.141592653589793,1,0,8,0.01,0.16,alginate_chitosan_pic_al1ch1_research,0.16,0.00016800000000000002,0.00010457307210081127,0.0003028288264685589,2,0.062117715289247026,0.2467768478100323,11.891792363088287,-0.36031133462212933,-1.4900142966467742,2.1472464822941357,-2.2277666671502736,-1.5706449524628596,-0.36029624969512375,0.023950047945346366,0.06960122490433424,-0.07693312616380503,0.007319297302941224,6.491348250037271e-06,0.023949995914129253,-0.23950047945346345,-0.6960122490433417,0.7693312616380497,-0.07319297302941218,-6.491348250037264e-05,-0.23949995914129232
131,0.4560967741935484,-0.0035,0.1004,-3.141592653589793,1,0,8,0.01,0.16,alginate_chitosan_pic_al1ch1_research,0.16,0.00016800000000000002,0.000940257073462822,0.0003028288264685589,1,0.062117715289247026,0.2467768478100323,11.991792363088287,-0.36031133462212933,-1.4900142966467742,2.1472464822941357,-2.2277666671502736,-1.5706449524628596,-0.36029624969512375,0.0,0.0,0.0,0.0,0.0,0.0,0.0,0.0,0.0,0.0,0.0,0.0
132,0.4570967741935484,-0.0035,0.1004,-3.141592653589793,1,0,8,0.01,0.16,alginate_chitosan_pic_al1ch1_research,0.16,0.00016800000000000002,0.001938357861950456,0.0003028288264685589,1,0.062117715289247026,0.2467768478100323,12.091792363088286,-0.36031133462212933,-1.4900142966467742,2.1472464822941357,-2.2277666671502736,-1.5706449524628596,-0.36029624969512375,0.0,0.0,0.0,0.0,0.0,0.0,0.23632459650075835,0.692556051833758,-0.7720263174806772,0.07934188163472009,6.51591427036634e-05,0.23632421122501926
133,0.4580967741935484,-0.0035,0.1004,-3.141592653589793,1,0,8,0.01,0.16,alginate_chitosan_pic_al1ch1_research,0.16,0.00016800000000000002,0.00010383807082492727,0.00030204666471059715,2,0.06286627671148422,0.2469059372215167,12.191792363088286,-0.35794808865712174,-1.4830887361284366,2.139526219119329,-2.2269732483339264,-1.5706443008714326,-0.35793300758287355,0.023632459650075856,0.06925560518337587,-0.07720263174806778,0.007934188163472015,6.515914270366346e-06,0.023632421122501947,-0.23632459650075835,-0.692556051833758,0.7720263174806772,-0.07934188163472009,-6.51591427036634e-05,-0.23632421122501926
134,0.4590967741935484,-0.0035,0.1004,-3.141592653589793,1,0,8,0.01,0.16,alginate_chitosan_pic_al1ch1_research,0.16,0.00016800000000000002,0.0009404293243180809,0.00030204666471059715,1,0.06286627671148422,0.2469059372215167,12.291792363088286,-0.35794808865712174,-1.4830887361284366,2.139526219119329,-2.2269732483339264,-1.5706443008714326,-0.35793300758287355,0.0,0.0,0.0,0.0,0.0,0.0,0.0,0.0,0.0,0.0,0.0,0.0
135,0.4600967741935484,-0.0035,0.1004,-3.141592653589793,1,0,8,0.01,0.16,alginate_chitosan_pic_al1ch1_research,0.16,0.00016800000000000002,0.0019385644903180512,0.00030204666471059715,1,0.06286627671148422,0.2469059372215167,12.391792363088285,-0.35794808865712174,-1.4830887361284366,2.139526219119329,-2.2269732483339264,-1.5706443008714326,-0.35793300758287355,0.0,0.0,0.0,0.0,0.0,0.0,0.23321218124593937,0.689202664793641,-0.7747245218571384,0.08539114884795737,6.537507373227657e-05,0.233211932432303
136,0.4610967741935484,-0.0035,0.1004,-3.141592653589793,1,0,8,0.01,0.16,alginate_chitosan_pic_al1ch1_research,0.16,0.00016800000000000002,0.00010310267848927296,0.000301250513040492,2,0.06361625878421774,0.24700823312146394,12.491792363088285,-0.35561596684466235,-1.4761967094805002,2.1317789739007575,-2.226119336845447,-1.5706436471206953,-0.3556008882585505,0.023321218124593958,0.06892026647936417,-0.0774724521857139,0.008539114884795744,6.537507373227663e-06,0.023321193243230322,-0.23321218124593937,-0.689202664793641,0.7747245218571384,-0.08539114884795737,-6.537507373227657e-05,-0.233211932432303
137,0.4620967741935484,-0.0035,0.1004,-3.141592653589793,1,0,8,0.01,0.16,alginate_chitosan_pic_al1ch1_research,0.16,0.00016800000000000002,0.0009406147349170775,0.000301250513040492,1,0.06361625878421774,0.24700823312146394,12.591792363088285,-0.35561596684466235,-1.4761967094805002,2.1317789739007575,-2.226119336845447,-1.5706436471206953,-0.3556008882585505,0.0,0.0,0.0,0.0,0.0,0.0,0.0,0.0,0.0,0.0,0.0,0.0
138,0.4620967741935484,-0.0035,0.1004,-3.141592653589793,0,0,9,0.05,0.0,alginate_chitosan_pic_al1ch1_research,0.0,0.0,0.0009406147349170775,0.000301250513040492,1,0.06361625878421774,0.24700823312146394,12.591793363088284,-0.35561596684466235,-1.4761967094805002,2.1317789739007575,-2.226119336845447,-1.5706436471206953,-0.3556008882585505,0.0,0.0,0.0,0.0,0.0,0.0,0.0,0.0,0.0,0.0,0.0,0.0
139,0.4620967741935484,-0.0025,0.1004,-3.141592653589793,0,0,9,0.05,0.0,alginate_chitosan_pic_al1ch1_research,0.0,0.0,0.0013589928356571698,0.000301250513040492,1,0.06361625878421774,0.24700823312146394,12.611793363088283,-0.35561596684466235,-1.4761967094805002,2.1317789739007575,-2.226119336845447,-1.5706436471206953,-0.3556008882585505,0.0,0.0,0.0,0.0,0.0,0.0,0.0,0.0,0.0,0.0,0.0,0.0
140,0.4620967741935484,-0.0025,0.1004,-3.141592653589793,1,0,10,0.01,0.0,alginate_chitosan_pic_al1ch1_research,0.0,0.0,0.0013589928356571698,0.000301250513040492,1,0.06361625878421774,0.24700823312146394,12.611794363088283,-0.35561596684466235,-1.4761967094805002,2.1317789739007575,-2.226119336845447,-1.5706436471206953,-0.3556008882585505,0.0,0.0,0.0,0.0,0.0,0.0,0.0,0.0,0.0,0.0,0.0,0.0
141,0.4610967741935484,-0.0025,0.1004,-3.141592653589793,1,0,10,0.01,0.16,alginate_chitosan_pic_al1ch1_research,0.16,0.00016800000000000002,0.0009862735980122625,0.000301250513040492,1,0.06361625878421774,0.24700823312146394,12.711794363088282,-0.35561596684466235,-1.4761967094805002,2.1317789739007575,-2.226119336845447,-1.5706436471206953,-0.3556008882585505,0.0,0.0,0.0,0.0,0.0,0.0,0.0,0.0,0.0,0.0,0.0,0.0
142,0.4600967741935484,-0.0025,0.1004,-3.141592653589793,1,0,10,0.01,0.16,alginate_chitosan_pic_al1ch1_research,0.16,0.00016800000000000002,0.0014486578936742092,0.000301250513040492,1,0.06361625878421774,0.24700823312146394,12.811794363088282,-0.35561596684466235,-1.4761967094805002,2.1317789739007575,-2.226119336845447,-1.5706436471206953,-0.3556008882585505,0.0,0.0,0.0,0.0,0.0,0.0,0.06181300349554764,-0.45148568082236024,0.5018443240825112,-0.03502266607457998,-0.0059489979165050395,0.06170519816784393
143,0.4590967741935484,-0.0025,0.1004,-3.141592653589793,1,0,10,0.01,0.16,alginate_chitosan_pic_al1ch1_research,0.16,0.00016800000000000002,0.0001627900619735947,0.00042323906035732185,2,0.06312911000157885,0.24694017116347353,12.911794363088282,-0.35499783680970687,-1.4807115662887238,2.1367974171415827,-2.2264695635061926,-1.5707031370998603,-0.3549838362768721,0.0061813003495547695,-0.045148568082236065,0.05018443240825117,-0.0035022666074580014,-0.0005948997916505045,0.006170519816784398,-0.06181300349554764,0.45148568082236024,-0.5018443240825112,0.03502266607457998,0.0059489979165050395,-0.06170519816784393
144,0.4580967741935484,-0.0025,0.1004,-3.141592653589793,1,0,10,0.01,0.16,alginate_chitosan_pic_al1ch1_research,0.16,0.00016800000000000002,0.0011409568926432497,0.00042323906035732185,1,0.06312911000157885,0.24694017116347353,13.011794363088281,-0.35499783680970687,-1.4807115662887238,2.1367974171415827,-2.2264695635061926,-1.5707031370998603,-0.3549838362768721,0.0,0.0,0.0,0.0,0.0,0.0,-0.15066822374603078,-0.45930441126913385,0.513800127856844,-0.05408245519888934,-0.0025369395951546593,-0.14875026015133658
145,0.4570967741935484,-0.0025,0.1004,-3.141592653589793,1,0,10,0.01,0.16,alginate_chitosan_pic_al1ch1_research,0.16,0.00016800000000000002,0.00017015518166803517,0.0004235319497571053,2,0.06263123019928085,0.24686213512681107,13.111794363088281,-0.3565045190471672,-1.4853046104014151,2.141935418420151,-2.2270103880581815,-1.5707285064958119,-0.35647133887838545,-0.015066822374603092,-0.04593044112691343,0.051380012785684444,-0.005408245519888938,-0.00025369395951546614,-0.014875026015133672,0.15066822374603078,0.45930441126913385,-0.513800127856844,0.05408245519888934,0.0025369395951546593,0.14875026015133658
146,0.4560967741935484,-0.0025,0.1004,-3.141592653589793,1,0,10,0.01,0.16,alginate_chitosan_pic_al1ch1_research,0.16,0.00016800000000000002,0.001147109425663803,0.0004235319497571053,1,0.06263123019928085,0.24686213512681107,13.21179436308828,-0.3565045190471672,-1.4853046104014151,2.141935418420151,-2.2270103880581815,-1.5707285064958119,-0.35647133887838545,0.0,0.0,0.0,0.0,0.0,0.0,-0.15672056751552782,-0.4620194169792971,0.5144832417061975,-0.052449455429837054,-0.00020384654269012224,-0.15663202926740033
147,0.4550967741935484,-0.0025,0.1004,-3.141592653589793,1,0,10,0.01,0.16,alginate_chitosan_pic_al1ch1_research,0.16,0.00016800000000000002,0.00017073396251081,0.0004234221197990382,2,0.06213229542820054,0.24677325025622188,13.31179436308828,-0.35807172472232246,-1.4899248045712081,2.147080250837213,-2.22753488261248,-1.5707305449612388,-0.35803765917105945,-0.015672056751552796,-0.04620194169792975,0.05144832417061979,-0.00524494554298371,-2.0384654269012242e-05,-0.015663202926740047,0.15672056751552782,0.4620194169792971,-0.5144832417061975,0.052449455429837054,0.00020384654269012224,0.15663202926740033
148,0.4540967741935484,-0.0025,0.1004,-3.141592653589793,1,0,10,0.01,0.16,alginate_chitosan_pic_al1ch1_research,0.16,0.00016800000000000002,0.0011475856065720192,0.0004234221197990382,1,0.06213229542820054,0.24677325025622188,13.41179436308828,-0.35807172472232246,-1.4899248045712081,2.147080250837213,-2.22753488261248,-1.5707305449612388,-0.35803765917105945,0.0,0.0,0.0,0.0,0.0,0.0,-0.15826137719132077,-0.4636075721673008,0.5133662069545233,-0.0497727899047006,-0.00011598575797577817,-0.15822896587852048
149,0.4530967741935484,-0.0025,0.1004,-3.141592653589793,1,0,10,0.01,0.16,alginate_chitosan_pic_al1ch1_research,0.16,0.00016800000000000002,0.00017107352174404152,0.0004231302615515147,2,0.061633966696040855,0.24667227996460528,13.51179436308828,-0.35965433849423567,-1.4945608802928811,2.1522139129067583,-2.228032610511527,-1.5707317048188185,-0.35961994882984466,-0.01582613771913209,-0.04636075721673012,0.05133662069545237,-0.004977278990470064,-1.1598575797577827e-05,-0.01582289658785206,0.15826137719132077,0.4636075721673008,-0.5133662069545233,0.0497727899047006,0.00011598575797577817,0.15822896587852048
150,0.4520967741935484,-0.0025,0.1004,-3.141592653589793,1,0,10,0.01,0.16,alginate_chitosan_pic_al1ch1_research,0.16,0.00016800000000000002,0.0011478552519097968,0.0004231302615515147,1,0.061633966696040855,0.24667227996460528,13.61179436308828,-0.35965433849423567,-1.4945608802928811,2.1522139129067583,-2.228032610511527,-1.5707317048188185,-0.35961994882984466,0.0,0.0,0.0,0.0,0.0,0.0,-0.15968535210918983,-0.4651728804969438,0.5121704659584383,-0.047013892547065256,-0.00011445597927206543,-0.1596543542807191
151,0.4510967741935484,-0.0025,0.1004,-3.141592653589793,1,0,10,0.01,0.16,alginate_chitosan_pic_al1ch1_research,0.16,0.00016800000000000002,0.00017140836323355116,0.00042282161231920384,2,0.06113634884094818,0.24655905085979815,13.711794363088279,-0.36125119201532757,-1.4992126090978506,2.1573356175663427,-2.2285027494369976,-1.5707328493786112,-0.36121649237265185,-0.015968535210918997,-0.04651728804969442,0.05121704659584387,-0.00470138925470653,-1.1445597927206553e-05,-0.015965435428071925,0.15968535210918983,0.4651728804969438,-0.5121704659584383,0.047013892547065256,0.00011445597927206543,0.1596543542807191
152,0.4500967741935484,-0.0025,0.1004,-3.141592653589793,1,0,10,0.01,0.16,alginate_chitosan_pic_al1ch1_research,0.16,0.00016800000000000002,0.0011481219320346218,0.00042282161231920384,1,0.06113634884094818,0.24655905085979815,13.811794363088278,-0.36125119201532757,-1.4992126090978506,2.1573356175663427,-2.2285027494369976,-1.5707328493786112,-0.36121649237265185,0.0,0.0,0.0,0.0,0.0,0.0,-0.16112431963339308,-0.46676744293805333,0.5109719690152383,-0.044221722164960925,-0.00011585764649879573,-0.16109310715610142
153,0.4490967741935484,-0.0025,0.1004,-3.141592653589793,1,0,10,0.01,0.16,alginate_chitosan_pic_al1ch1_research,0.16,0.00016800000000000002,0.0001717470838074477,0.0004225054763485979,2,0.06063947685638291,0.2464334302645507,13.911794363088278,-0.3628624352116615,-1.5038802835272311,2.162445337256495,-2.228944966658647,-1.5707340079550762,-0.36282742344421287,-0.01611243196333932,-0.046676744293805375,0.051097196901523874,-0.0044221722164960965,-1.1585764649879583e-05,-0.016109310715610156,0.16112431963339308,0.46676744293805333,-0.5109719690152383,0.044221722164960925,0.00011585764649879573,0.16109310715610142
154,0.4480967741935484,-0.0025,0.1004,-3.141592653589793,1,0,10,0.01,0.16,alginate_chitosan_pic_al1ch1_research,0.16,0.00016800000000000002,0.001148393379914396,0.0004225054763485979,1,0.06063947685638291,0.2464334302645507,14.011794363088278,-0.3628624352116615,-1.5038802835272311,2.162445337256495,-2.228944966658647,-1.5707340079550762,-0.36282742344421287,0.0,0.0,0.0,0.0,0.0,0.0,-0.16258288232154333,-0.46839377228882123,0.5097735888946344,-0.041397856399871744,-0.0001173876288618201,-0.16255140217952796
155,0.4470967741935484,-0.0025,0.1004,-3.141592653589793,1,0,10,0.01,0.16,alginate_chitosan_pic_al1ch1_research,0.16,0.00016800000000000002,0.00017209010954120232,0.00042218227292295095,2,0.06014338264123976,0.24629529122976504,14.111794363088277,-0.36448826403487694,-1.5085642212501194,2.1675430731454415,-2.229358945222646,-1.5707351818313648,-0.36445293746600815,-0.016258288232154347,-0.046839377228882165,0.05097735888946348,-0.004139785639987178,-1.173876288618202e-05,-0.01625514021795281,0.16258288232154333,0.46839377228882123,-0.5097735888946344,0.041397856399871744,0.0001173876288618201,0.16255140217952796
156,0.4460967741935484,-0.0025,0.1004,-3.141592653589793,1,0,10,0.01,0.16,alginate_chitosan_pic_al1ch1_research,0.16,0.00016800000000000002,0.0011486700253649908,0.00042218227292295095,1,0.06014338264123976,0.24629529122976504,14.211794363088277,-0.36448826403487694,-1.5085642212501194,2.1675430731454415,-2.229358945222646,-1.5707351818313648,-0.36445293746600815,0.0,0.0,0.0,0.0,0.0,0.0,-0.16406154840583026,-0.4700524250253127,0.5085752276698932,-0.03854169378283416,-0.00011895287810315105,-0.16402979640993104
157,0.4450967741935484,-0.0025,0.1004,-3.141592653589793,1,0,10,0.01,0.16,alginate_chitosan_pic_al1ch1_research,0.16,0.00016800000000000002,0.0001724375722812059,0.0004218520084111203,2,0.059648097701520644,0.2461445120533824,14.311794363088277,-0.36612887951893525,-1.5132647455003725,2.1726288254221404,-2.2297443621604742,-1.5707363713601459,-0.36609323543010747,-0.01640615484058304,-0.04700524250253131,0.050857522766989356,-0.0038541693782834195,-1.1895287810315115e-05,-0.016402979640993118,0.1640615484058348,0.47005242502532574,-0.5085752276699073,0.03854169378283523,0.00011895287810315434,0.1640297964099356
158,0.4440967741935484,-0.0025,0.1004,-3.141592653589793,1,0,10,0.01,0.16,alginate_chitosan_pic_al1ch1_research,0.16,0.00016800000000000002,0.0011489520356691302,0.0004218520084111203,1,0.059648097701520644,0.2461445120533824,14.411794363088271,-0.36612887951893525,-1.5132647455003725,2.1726288254221404,-2.2297443621604742,-1.5707363713601459,-0.36609323543010747,0.0,0.0,0.0,0.0,0.0,0.0,-0.16556069809471205,-0.4717438953906317,0.5073766690021707,-0.0356525258164551,-0.00012055114697595883,-0.16552867163591597
159,0.4430967741935484,-0.0025,0.1004,-3.141592653589793,1,0,10,0.01,0.16,alginate_chitosan_pic_al1ch1_research,0.16,0.00016800000000000002,0.00017278959809998603,0.00042151467659137023,2,0.05915365325779495,0.2459809767839625,14.51179436308827,-0.3677844864998823,-1.5179821844542787,2.177702592112162,-2.2301008874186388,-1.5707375768716156,-0.3677485221464666,-0.01655606980947076,-0.0471743895390619,0.05073766690021571,-0.003565252581645414,-1.205511469759556e-05,-0.016552867163591153,0.16556069809470747,0.4717438953906186,-0.5073766690021566,0.03565252581645411,0.0001205511469759555,0.1655286716359114
160,0.4420967741935484,-0.0025,0.1004,-3.141592653589793,1,0,10,0.01,0.16,alginate_chitosan_pic_al1ch1_research,0.16,0.00016800000000000002,0.001149239574282559,0.00042151467659137023,1,0.05915365325779495,0.2459809767839625,14.61179436308827,-0.3677844864998823,-1.5179821844542787,2.177702592112162,-2.2301008874186388,-1.5707375768716156,-0.3677485221464666,0.0,0.0,0.0,0.0,0.0,0.0,-0.1670807158278051,-0.4734686866225904,0.5061776895986627,-0.03272962594405009,-0.00012218332152702494,-0.16704841235770068
161,0.4410967741935484,-0.0025,0.1004,-3.141592653589793,1,0,10,0.01,0.16,alginate_chitosan_pic_al1ch1_research,0.16,0.00016800000000000002,0.00017314631814498263,0.00042117027627525436,2,0.058660080251933394,0.24580457574181142,14.71179436308827,-0.3694552936581604,-1.5227168713205046,2.1827643690081486,-2.2304281836780793,-1.570738798704831,-0.3694190062700436,-0.016708071582780523,-0.04734686866225908,0.05061776895986632,-0.0032729625944050125,-1.2218332152702506e-05,-0.016704841235770082,0.1670807158278051,0.4734686866225904,-0.5061776895986627,0.03272962594405009,0.00012218332152702494,0.16704841235770068
162,0.4400967741935484,-0.0025,0.1004,-3.141592653589793,1,0,10,0.01,0.16,alginate_chitosan_pic_al1ch1_research,0.16,0.00016800000000000002,0.0011495328105059167,0.00042117027627525436,1,0.058660080251933394,0.24580457574181142,14.81179436308827,-0.3694552936581604,-1.5227168713205046,2.1827643690081486,-2.2304281836780793,-1.570738798704831,-0.3694190062700436,0.0,0.0,0.0,0.0,0.0,0.0,-0.16862199503565573,-0.4752273138016064,0.5049780633789238,-0.029772252883297715,-0.0001238504330869359,-0.16858941201766647
163,0.4390967741935484,-0.0025,0.1004,-3.141592653589793,1,0,10,0.01,0.16,alginate_chitosan_pic_al1ch1_research,0.16,0.00016800000000000002,0.0001735078692841442,0.00042081881239375643,2,0.05816740934993506,0.2456152060166606,14.91179436308827,-0.37114151360851694,-1.5274691444585207,2.187814149641938,-2.2307259062069122,-1.5707400372091618,-0.37110490039022026,-0.016862199503565586,-0.04752273138016068,0.05049780633789243,-0.002977225288329774,-1.23850433086936e-05,-0.01685894120176666,0.16862199503565573,0.4752273138016064,-0.5049780633789238,0.029772252883297715,0.0001238504330869359,0.16858941201766647
164,0.4380967741935484,-0.0025,0.1004,-3.141592653589793,1,0,10,0.01,0.16,alginate_chitosan_pic_al1ch1_research,0.16,0.00016800000000000002,0.0011498319200761893,0.00042081881239375643,1,0.05816740934993506,0.2456152060166606,15.011794363088269,-0.37114151360851694,-1.5274691444585207,2.187814149641938,-2.2307259062069122,-1.5707400372091618,-0.37110490039022026,0.0,0.0,0.0,0.0,0.0,0.0,-0.17018493856256173,-0.4770203041932755,0.5037775615116749,-0.02677965039956649,-0.00012555355581866912,-0.1701520734721515
165,0.4370967741935484,-0.0025,0.1004,-3.141592653589793,1,0,10,0.01,0.16,alginate_chitosan_pic_al1ch1_research,0.16,0.00016800000000000002,0.000173874394381059,0.00042046029643144216,2,0.05767567094454677,0.2454127719104639,15.111794363088269,-0.37284336299414256,-1.5322393475004534,2.1928519252570546,-2.230993702710908,-1.57074129274472,-0.3728064211249418,-0.017018493856256187,-0.04770203041932759,0.05037775615116753,-0.0026779650399566513,-1.2555355581866922e-05,-0.017015207347215164,0.34036647346038884,0.9540310680758702,-1.007545047572874,0.05355876521148086,0.0002511046005913323,0.3403007439368636
166,0.4370967741935484,-0.0025,0.1004,-3.141592653589793,0,0,11,0.05,0.0,alginate_chitosan_pic_al1ch1_research,0.0,0.0,0.000173874394381059,0.00042046029643144216,1,0.05767567094454677,0.2454127719104639,15.111795363088268,-0.37284336299414256,-1.5322393475004534,2.1928519252570546,-2.230993702710908,-1.57074129274472,-0.3728064211249418,0.0,0.0,0.0,0.0,0.0,0.0,0.0,0.0,0.0,0.0,0.0,0.0
167,0.4370967741935484,-0.0015,0.1004,-3.141592653589793,0,0,11,0.05,0.0,alginate_chitosan_pic_al1ch1_research,0.0,0.0,0.0009817546540310832,0.00042046029643144216,1,0.05767567094454677,0.2454127719104639,15.131795363088267,-0.37284336299414256,-1.5322393475004534,2.1928519252570546,-2.230993702710908,-1.57074129274472,-0.3728064211249418,0.0,0.0,0.0,0.0,0.0,0.0,0.0,0.0,0.0,0.0,0.0,0.0
168,0.4370967741935484,-0.0015,0.1004,-3.141592653589793,1,0,12,0.01,0.0,alginate_chitosan_pic_al1ch1_research,0.0,0.0,0.0009817546540310832,0.00042046029643144216,1,0.05767567094454677,0.2454127719104639,15.131796363088267,-0.37284336299414256,-1.5322393475004534,2.1928519252570546,-2.230993702710908,-1.57074129274472,-0.3728064211249418,0.0,0.0,0.0,0.0,0.0,0.0,0.0,0.0,0.0,0.0,0.0,0.0
169,0.4380967741935484,-0.0015,0.1004,-3.141592653589793,1,0,12,0.01,0.16,alginate_chitosan_pic_al1ch1_research,0.16,0.00016800000000000002,0.0012927719019415007,0.00042046029643144216,1,0.05767567094454677,0.2454127719104639,15.231796363088266,-0.37284336299414256,-1.5322393475004534,2.1928519252570546,-2.230993702710908,-1.57074129274472,-0.3728064211249418,0.0,0.0,0.0,0.0,0.0,0.0,0.3725146854190391,0.4385387384239206,-0.46051924745236145,0.010881274179475023,0.009623846520367945,0.36887874337623794
170,0.4390967741935484,-0.0015,0.1004,-3.141592653589793,1,0,12,0.01,0.16,alginate_chitosan_pic_al1ch1_research,0.16,0.00016800000000000002,0.00012041784333228883,0.0003397457208957526,2,0.058125784945039914,0.24559994991079034,15.331796363088266,-0.36911821613995216,-1.5278539601162142,2.188246732782531,-2.230884889969113,-1.5706450542795163,-0.3691176336911794,0.03725146854190394,0.0438538738423921,-0.046051924745236186,0.0010881274179475034,0.0009623846520367954,0.036887874337623826,-0.3725146854190391,-0.4385387384239206,0.46051924745236145,-0.010881274179475023,-0.009623846520367945,-0.36887874337623794
171,0.4400967741935484,-0.0015,0.1004,-3.141592653589793,1,0,12,0.01,0.16,alginate_chitosan_pic_al1ch1_research,0.16,0.00016800000000000002,0.0009271646052368851,0.0003397457208957526,1,0.058125784945039914,0.24559994991079034,15.431796363088266,-0.36911821613995216,-1.5278539601162142,2.188246732782531,-2.230884889969113,-1.5706450542795163,-0.3691176336911794,0.0,0.0,0.0,0.0,0.0,0.0,0.0,0.0,0.0,0.0,0.0,0.0
172,0.4410967741935484,-0.0015,0.1004,-3.141592653589793,1,0,12,0.01,0.16,alginate_chitosan_pic_al1ch1_research,0.16,0.00016800000000000002,0.0019247773776245767,0.0003397457208957526,1,0.058125784945039914,0.24559994991079034,15.531796363088265,-0.36911821613995216,-1.5278539601162142,2.188246732782531,-2.230884889969113,-1.5706450542795163,-0.3691176336911794,0.0,0.0,0.0,0.0,0.0,0.0,0.25207224017956786,0.7090568824341879,-0.751110988941138,0.03850014480648582,-0.0002297054439104325,0.2534634053024116
173,0.4420967741935484,-0.0015,0.1004,-3.141592653589793,1,0,12,0.01,0.16,alginate_chitosan_pic_al1ch1_research,0.16,0.00016800000000000002,0.00010812538504646703,0.00030755137566882757,2,0.05885925411732013,0.24587750827535507,15.631796363088265,-0.3665974937381565,-1.5207633912918723,2.1807356228931196,-2.2304998885210483,-1.5706473513339554,-0.36658299963815527,0.02520722401795681,0.07090568824341885,-0.07511109889411387,0.0038500144806485857,-2.297054439104327e-05,0.025346340530241186,-0.25207224017956786,-0.7090568824341879,0.751110988941138,-0.03850014480648582,0.0002297054439104325,-0.2534634053024116
174,0.4430967741935484,-0.0015,0.1004,-3.141592653589793,1,0,12,0.01,0.16,alginate_chitosan_pic_al1ch1_research,0.16,0.00016800000000000002,0.0009395905183169608,0.00030755137566882757,1,0.05885925411732013,0.24587750827535507,15.731796363088264,-0.3665974937381565,-1.5207633912918723,2.1807356228931196,-2.2304998885210483,-1.5706473513339554,-0.36658299963815527,0.0,0.0,0.0,0.0,0.0,0.0,0.0,0.0,0.0,0.0,0.0,0.0
175,0.4440967741935484,-0.0015,0.1004,-3.141592653589793,1,0,12,0.01,0.16,alginate_chitosan_pic_al1ch1_research,0.16,0.00016800000000000002,0.0019375163445325633,0.00030755137566882757,1,0.05885925411732013,0.24587750827535507,15.831796363088264,-0.3665974937381565,-1.5207633912918723,2.1807356228931196,-2.2304998885210483,-1.5706473513339554,-0.36658299963815527,0.0,0.0,0.0,0.0,0.0,0.0,0.2478585962104187,0.708637232637801,-0.7602454641228726,0.051353223381549205,5.8962621962704106e-05,0.24788438702996538
176,0.4450967741935484,-0.0015,0.1004,-3.141592653589793,1,0,12,0.01,0.16,alginate_chitosan_pic_al1ch1_research,0.16,0.00016800000000000002,0.00010695990725979735,0.0003056266821845947,2,0.059600363176433614,0.24612928288374064,15.931796363088258,-0.3641189077760525,-1.513677018965495,2.1731331682518915,-2.229986356287233,-1.5706467617077358,-0.3641041557678558,0.024785859621041205,0.0708637232637782,-0.07602454641228522,0.005135322338154782,5.896262196270252e-06,0.024788438702995873,-0.2478585962104187,-0.708637232637801,0.7602454641228726,-0.051353223381549205,-5.8962621962704106e-05,-0.24788438702996538
177,0.4460967741935484,-0.0015,0.1004,-3.141592653589793,1,0,12,0.01,0.16,alginate_chitosan_pic_al1ch1_research,0.16,0.00016800000000000002,0.0009399459970710302,0.0003056266821845947,1,0.059600363176433614,0.24612928288374064,16.031796363088258,-0.3641189077760525,-1.513677018965495,2.1731331682518915,-2.229986356287233,-1.5706467617077358,-0.3641041557678558,0.0,0.0,0.0,0.0,0.0,0.0,0.0,0.0,0.0,0.0,0.0,0.0
178,0.4470967741935484,-0.0015,0.1004,-3.141592653589793,1,0,12,0.01,0.16,alginate_chitosan_pic_al1ch1_research,0.16,0.00016800000000000002,0.001937925832703276,0.0003056266821845947,1,0.059600363176433614,0.24612928288374064,16.13179636308826,-0.3641189077760525,-1.513677018965495,2.1731331682518915,-2.229986356287233,-1.5706467617077358,-0.3641041557678558,0.0,0.0,0.0,0.0,0.0,0.0,0.24448783037978553,0.704870318263072,-0.7631478973872494,0.058151824722285535,6.413379238789917e-05,0.2444874830476669
179,0.4480967741935484,-0.0015,0.1004,-3.141592653589793,1,0,12,0.01,0.16,alginate_chitosan_pic_al1ch1_research,0.16,0.00016800000000000002,0.00010621052294972876,0.000304847646435237,2,0.06034353435293864,0.24635243902088338,16.23179636308826,-0.36167402947225463,-1.5066283157828642,2.165501689278019,-2.22940483804001,-1.5706461203698119,-0.36165928093737915,0.024448783037978573,0.07048703182630726,-0.076314789738725,0.005815182472228559,6.413379238789923e-06,0.02444874830476671,-0.24448783037978553,-0.704870318263072,0.7631478973872494,-0.058151824722285535,-6.413379238789917e-05,-0.2444874830476669
180,0.4490967741935484,-0.0015,0.1004,-3.141592653589793,1,0,12,0.01,0.16,alginate_chitosan_pic_al1ch1_research,0.16,0.00016800000000000002,0.0009400764646379789,0.000304847646435237,1,0.06034353435293864,0.24635243902088338,16.331796363088262,-0.36167402947225463,-1.5066283157828642,2.165501689278019,-2.22940483804001,-1.5706461203698119,-0.36165928093737915,0.0,0.0,0.0,0.0,0.0,0.0,0.0,0.0,0.0,0.0,0.0,0.0
181,0.4500967741935484,-0.0015,0.1004,-3.141592653589793,1,0,12,0.01,0.16,alginate_chitosan_pic_al1ch1_research,0.16,0.00016800000000000002,0.0019380936106254596,0.000304847646435237,1,0.06034353435293864,0.24635243902088338,16.431796363088264,-0.36167402947225463,-1.5066283157828642,2.165501689278019,-2.22940483804001,-1.5706461203698119,-0.36165928093737915,0.0,0.0,0.0,0.0,0.0,0.0,0.24118920689685755,0.7011569375894521,-0.7658460080971694,0.06456598754867025,6.427457452939921e-05,0.24118853989809022
182,0.4510967741935484,-0.0015,0.1004,-3.141592653589793,1,0,12,0.01,0.16,alginate_chitosan_pic_al1ch1_research,0.16,0.00016800000000000002,0.00010547642003687206,0.0003040968709130771,2,0.061088496998491504,0.24654727297998583,16.531796363088265,-0.35926213740328605,-1.4996167464069696,2.1578432291970473,-2.2287591781645233,-1.5706454776240666,-0.35924739553839824,0.024118920689685776,0.07011569375894527,-0.076584600809717,0.006456598754867032,6.427457452939927e-06,0.024118853989809043,-0.24118920689685755,-0.7011569375894521,0.7658460080971694,-0.06456598754867025,-6.427457452939921e-05,-0.24118853989809022
183,0.4520967741935484,-0.0015,0.1004,-3.141592653589793,1,0,12,0.01,0.16,alginate_chitosan_pic_al1ch1_research,0.16,0.00016800000000000002,0.0009402141022332959,0.0003040968709130771,1,0.061088496998491504,0.24654727297998583,16.631796363088267,-0.35926213740328605,-1.4996167464069696,2.1578432291970473,-2.2287591781645233,-1.5706454776240666,-0.35924739553839824,0.0,0.0,0.0,0.0,0.0,0.0,0.0,0.0,0.0,0.0,0.0,0.0
184,0.4530967741935484,-0.0015,0.1004,-3.141592653589793,1,0,12,0.01,0.16,alginate_chitosan_pic_al1ch1_research,0.16,0.00016800000000000002,0.0019382672263888007,0.0003040968709130771,1,0.061088496998491504,0.24654727297998583,16.731796363088268,-0.35926213740328605,-1.4996167464069696,2.1578432291970473,-2.2287591781645233,-1.5706454776240666,-0.35924739553839824,0.0,0.0,0.0,0.0,0.0,0.0,0.2379573875523673,0.6975505109803702,-0.768537368236498,0.07086157506028799,6.455161787322071e-05,0.23795684888644988
185,0.4540967741935484,-0.0015,0.1004,-3.141592653589793,1,0,12,0.01,0.16,alginate_chitosan_pic_al1ch1_research,0.16,0.00016800000000000002,0.00010474273158809373,0.00030333301593444645,2,0.06183513843146079,0.24671420426484034,16.83179636308827,-0.3568825635277624,-1.492641241297166,2.1501578555146823,-2.2280505624139204,-1.5706448321078879,-0.35686782704953374,0.023795738755236752,0.06975505109803709,-0.07685373682364986,0.007086157506028806,6.4551617873220775e-06,0.02379568488864501,-0.2379573875523673,-0.6975505109803702,0.768537368236498,-0.07086157506028799,-6.455161787322071e-05,-0.23795684888644988
186,0.4550967741935484,-0.0015,0.1004,-3.141592653589793,1,0,12,0.01,0.16,alginate_chitosan_pic_al1ch1_research,0.16,0.00016800000000000002,0.0009403653423346364,0.00030333301593444645,1,0.06183513843146079,0.24671420426484034,16.93179636308827,-0.3568825635277624,-1.492641241297166,2.1501578555146823,-2.2280505624139204,-1.5706448321078879,-0.35686782704953374,0.0,0.0,0.0,0.0,0.0,0.0,0.0,0.0,0.0,0.0,0.0,0.0
187,0.4560967741935484,-0.0015,0.1004,-3.141592653589793,1,0,12,0.01,0.16,alginate_chitosan_pic_al1ch1_research,0.16,0.00016800000000000002,0.0019384537431436798,0.00030333301593444645,1,0.06183513843146079,0.24671420426484034,17.031796363088272,-0.3568825635277624,-1.492641241297166,2.1501578555146823,-2.2280505624139204,-1.5706448321078879,-0.35686782704953374,0.0,0.0,0.0,0.0,0.0,0.0,0.23479084718938628,0.6940501956245392,-0.7712301635185868,0.07705233094630323,6.481157839299799e-05,0.23479044544828478
188,0.4570967741935484,-0.0015,0.1004,-3.141592653589793,1,0,12,0.01,0.16,alginate_chitosan_pic_al1ch1_research,0.16,0.00016800000000000002,0.0001040087990874366,0.0003025548494923713,2,0.06258335016000532,0.24685367935304667,17.131796363088274,-0.3545346550558685,-1.4857007393409205,2.1424455538794964,-2.2272800391044574,-1.570644183992104,-0.3545199225950509,0.02347908471893865,0.06940501956245398,-0.07712301635185874,0.00770523309463033,6.4811578392998056e-06,0.0234790445448285,-0.23479084718938628,-0.6940501956245392,0.7712301635185868,-0.07705233094630323,-6.481157839299799e-05,-0.23479044544828478
189,0.4580967741935484,-0.0015,0.1004,-3.141592653589793,1,0,12,0.01,0.16,alginate_chitosan_pic_al1ch1_research,0.16,0.00016800000000000002,0.0009405301497638043,0.0003025548494923713,1,0.06258335016000532,0.24685367935304667,17.231796363088275,-0.3545346550558685,-1.4857007393409205,2.1424455538794964,-2.2272800391044574,-1.570644183992104,-0.3545199225950509,0.0,0.0,0.0,0.0,0.0,0.0,0.0,0.0,0.0,0.0,0.0,0.0
190,0.4590967741935484,-0.0015,0.1004,-3.141592653589793,1,0,12,0.01,0.16,alginate_chitosan_pic_al1ch1_research,0.16,0.00016800000000000002,0.0019386531652004803,0.0003025548494923713,1,0.06258335016000532,0.24685367935304667,17.331796363088277,-0.3545346550558685,-1.4857007393409205,2.1424455538794964,-2.2272800391044574,-1.570644183992104,-0.3545199225950509,0.0,0.0,0.0,0.0,0.0,0.0,0.2316878377256855,0.6906537239708564,-0.7739257345358728,0.08314204017301194,6.504092366910174e-05,0.23168757422072875
191,0.4600967741935484,-0.0015,0.1004,-3.141592653589793,1,0,12,0.01,0.16,alginate_chitosan_pic_al1ch1_research,0.16,0.00016800000000000002,0.00010327449997032824,0.0003017626054340903,2,0.06333302242615477,0.24696616482818465,17.431796363088278,-0.35221777667861165,-1.478794202101212,2.1347062965341377,-2.2264486187027273,-1.5706435335828672,-0.3522030468528436,0.02316878377256857,0.06906537239708571,-0.07739257345358734,0.0083142040173012,6.50409236691018e-06,0.023168757422072896,-0.2316878377256855,-0.6906537239708564,0.7739257345358728,-0.08314204017301194,-6.504092366910174e-05,-0.23168757422072875
192,0.4610967741935484,-0.0015,0.1004,-3.141592653589793,1,0,12,0.01,0.16,alginate_chitosan_pic_al1ch1_research,0.16,0.00016800000000000002,0.0009407082697694951,0.0003017626054340903,1,0.06333302242615477,0.24696616482818465,17.53179636308828,-0.35221777667861165,-1.478794202101212,2.1347062965341377,-2.2264486187027273,-1.5706435335828672,-0.3522030468528436,0.0,0.0,0.0,0.0,0.0,0.0,0.0,0.0,0.0,0.0,0.0,0.0
193,0.4620967741935484,-0.0015,0.1004,-3.141592653589793,1,0,12,0.01,0.16,alginate_chitosan_pic_al1ch1_research,0.16,0.00016800000000000002,0.001938865254544863,0.0003017626054340903,1,0.06333302242615477,0.24696616482818465,17.63179636308828,-0.35221777667861165,-1.478794202101212,2.1347062965341377,-2.2264486187027273,-1.5706435335828672,-0.3522030468528436,0.0,0.0,0.0,0.0,0.0,0.0,0.0,0.0,0.0,0.0,0.0,0.0
194,0.4620967741935484,-0.0015,0.1004,-3.141592653589793,0,0,13,0.05,0.0,alginate_chitosan_pic_al1ch1_research,0.0,0.0,0.001938865254544863,0.0003017626054340903,1,0.06333302242615477,0.24696616482818465,17.631797955836156,-0.35221777667861165,-1.478794202101212,2.1347062965341377,-2.2264486187027273,-1.5706435335828672,-0.3522030468528436,0.0,0.0,0.0,0.0,0.0,0.0,7.091996463983513,8.81692244577091,-9.999813936834542,1.2438283569410022,0.0125433279205742,7.0614761371464985
195,0.4620967741935484,-0.0005,0.1004,-3.141592653589793,0,0,13,0.05,0.0,alginate_chitosan_pic_al1ch1_research,0.0,0.0,0.000113460424711104,0.00033143790293486443,2,0.06382323133315135,0.24702292820542998,17.663653209722163,-0.34861926952631955,-1.4743204606599352,2.129632351255677,-2.225817495257953,-1.5706371690484988,-0.3486200258355166,0.11296432184057817,0.14043967306887792,-0.15928126947654697,0.019812224602971485,0.00019979543692211126,0.11247818115494682,-7.092128422369923,-8.817086499273328,10.0,-1.2438515004357553,-0.012543561310046546,-7.06160752765148
196,0.4620967741935484,-0.0005,0.1004,-3.141592653589793,1,0,14,0.01,0.0,alginate_chitosan_pic_al1ch1_research,0.0,0.0,0.000113460424711104,0.00033143790293486443,1,0.06382323133315135,0.24702292820542998,17.663654209731465,-0.34861926952631955,-1.4743204606599352,2.129632351255677,-2.225817495257953,-1.5706371690484988,-0.3486200258355166,0.0,0.0,0.0,0.0,0.0,0.0,0.0,0.0,0.0,0.0,0.0,0.0
197,0.4610967741935484,-0.0005,0.1004,-3.141592653589793,1,0,14,0.01,0.16,alginate_chitosan_pic_al1ch1_research,0.16,0.00016800000000000002,0.0010777596259365055,0.00033143790293486443,1,0.06382323133315135,0.24702292820542998,17.763654209731467,-0.34861926952631955,-1.4743204606599352,2.129632351255677,-2.225817495257953,-1.5706371690484988,-0.3486200258355166,0.0,0.0,0.0,0.0,0.0,0.0,-0.1386645473023582,-0.4380521168640064,0.490150158304469,-0.03995161870382617,-0.008624978406723811,-0.13544898444514095
198,0.4600967741935484,-0.0005,0.1004,-3.141592653589793,1,0,14,0.01,0.16,alginate_chitosan_pic_al1ch1_research,0.16,0.00016800000000000002,0.00016790924883826566,0.00041976186958015446,2,0.06334815624014026,0.2469622303316746,17.863654209731468,-0.35000591499934314,-1.4787009818285752,2.1345338528387217,-2.2262170114449913,-1.570723418832566,-0.349974515679968,-0.013866454730235832,-0.04380521168640068,0.04901501583044694,-0.003995161870382621,-0.0008624978406723819,-0.013544898444514107,0.1386645473023582,0.4380521168640064,-0.490150158304469,0.03995161870382617,0.008624978406723811,0.13544898444514095
199,0.4590967741935484,-0.0005,0.1004,-3.141592653589793,1,0,14,0.01,0.16,alginate_chitosan_pic_al1ch1_research,0.16,0.00016800000000000002,0.0011448697474559764,0.00041976186958015446,1,0.06334815624014026,0.2469622303316746,17.96365420973147,-0.35000591499934314,-1.4787009818285752,2.1345338528387217,-2.2262170114449913,-1.570723418832566,-0.349974515679968,0.0,0.0,0.0,0.0,0.0,0.0,-0.15257142218365577,-0.4594848179217062,0.5155416508768598,-0.055573463328073454,-0.0004576671096767618,-0.15242870012039916
200,0.4580967741935484,-0.0005,0.1004,-3.141592653589793,1,0,14,0.01,0.16,alginate_chitosan_pic_al1ch1_research,0.16,0.00016800000000000002,0.00017000523759117767,0.0004238554114217528,2,0.06284889164308428,0.2468904318396398,18.06365420973147,-0.3515316292211797,-1.4832958300077923,2.1396892693474903,-2.226772746078272,-1.5707279955036628,-0.351498802681172,-0.01525714221836559,-0.04594848179217066,0.05155416508768602,-0.005557346332807351,-4.576671096767622e-05,-0.01524287001203993,0.15257142218365577,0.4594848179217062,-0.5155416508768598,0.055573463328073454,0.0004576671096767618,0.15242870012039916
201,0.4570967741935484,-0.0005,0.1004,-3.141592653589793,1,0,14,0.01,0.16,alginate_chitosan_pic_al1ch1_research,0.16,0.00016800000000000002,0.0011468976495535117,0.0004238554114217528,1,0.06284889164308428,0.2468904318396398,18.163654209731472,-0.3515316292211797,-1.4832958300077923,2.1396892693474903,-2.226772746078272,-1.5707279955036628,-0.351498802681172,0.0,0.0,0.0,0.0,0.0,0.0,-0.15443530327152705,-0.4615306736763128,0.5152035877387542,-0.05366918727118799,-0.00012348943652096245,-0.15440064249602176
202,0.4560967741935484,-0.0005,0.1004,-3.141592653589793,1,0,14,0.01,0.16,alginate_chitosan_pic_al1ch1_research,0.16,0.00016800000000000002,0.000170391323363555,0.00042372175316762224,2,0.062349480785794525,0.2468067357409944,18.263654209731474,-0.35307598225389497,-1.4879111367445554,2.144841305224878,-2.227309437950984,-1.570729230398028,-0.3530428091061322,-0.015443530327152719,-0.04615306736763132,0.05152035877387546,-0.005366918727118804,-1.2348943652096257e-05,-0.01544006424960219,0.15443530327152705,0.4615306736763128,-0.5152035877387542,0.05366918727118799,0.00012348943652096245,0.15440064249602176
203,0.4550967741935484,-0.0005,0.1004,-3.141592653589793,1,0,14,0.01,0.16,alginate_chitosan_pic_al1ch1_research,0.16,0.00016800000000000002,0.0011472072204013937,0.00042372175316762224,1,0.062349480785794525,0.2468067357409944,18.363654209731475,-0.35307598225389497,-1.4879111367445554,2.144841305224878,-2.227309437950984,-1.570729230398028,-0.3530428091061322,0.0,0.0,0.0,0.0,0.0,0.0,-0.15583168585182577,-0.4630686146693144,0.5140348959262733,-0.050980759469920665,-0.00011193290589961415,-0.15580126434343006
204,0.4540967741935484,-0.0005,0.1004,-3.141592653589793,1,0,14,0.01,0.16,alginate_chitosan_pic_al1ch1_research,0.16,0.00016800000000000002,0.0001707192238040997,0.0004234273206063061,2,0.061850709274643735,0.24671096993563713,18.463654209731477,-0.35463429911241323,-1.4925418228912486,2.1499816541841406,-2.227819245545683,-1.570730349727087,-0.35460082174956653,-0.015583168585182591,-0.046306861466931484,0.05140348959262737,-0.005098075946992071,-1.1193290589961425e-05,-0.01558012643434302,0.15583168585182577,0.4630686146693144,-0.5140348959262733,0.050980759469920665,0.00011193290589961415,0.15580126434343006
205,0.4530967741935484,-0.0005,0.1004,-3.141592653589793,1,0,14,0.01,0.16,alginate_chitosan_pic_al1ch1_research,0.16,0.00016800000000000002,0.0011474647287436472,0.0004234273206063061,1,0.061850709274643735,0.24671096993563713,18.563654209731478,-0.35463429911241323,-1.4925418228912486,2.1499816541841406,-2.227819245545683,-1.570730349727087,-0.35460082174956653,0.0,0.0,0.0,0.0,0.0,0.0,-0.15722846906126547,-0.46462079727715905,0.5128372679819018,-0.04823241246474366,-0.00011289201800046535,-0.15719796361398058
206,0.4520967741935484,-0.0005,0.1004,-3.141592653589793,1,0,14,0.01,0.16,alginate_chitosan_pic_al1ch1_research,0.16,0.00016800000000000002,0.00017104879332796707,0.00042312009367387115,2,0.061352635813592744,0.24660299594806537,18.66365420973148,-0.3562065838030259,-1.4971880308640202,2.1551100268639596,-2.2283015696703306,-1.570731478647267,-0.35617280138570634,-0.01572284690612656,-0.046462079727715946,0.05128372679819022,-0.00482324124647437,-1.1289201800046545e-05,-0.015719796361398072,0.15722846906126547,0.46462079727715905,-0.5128372679819018,0.04823241246474366,0.00011289201800046535,0.15719796361398058
207,0.4510967741935484,-0.0005,0.1004,-3.141592653589793,1,0,14,0.01,0.16,alginate_chitosan_pic_al1ch1_research,0.16,0.00016800000000000002,0.0011477250102605461,0.00042312009367387115,1,0.061352635813592744,0.24660299594806537,18.76365420973148,-0.3562065838030259,-1.4971880308640202,2.1551100268639596,-2.2283015696703306,-1.570731478647267,-0.35617280138570634,0.0,0.0,0.0,0.0,0.0,0.0,-0.1586436181448489,-0.4662036546329676,0.5116391033884495,-0.045452242153665084,-0.00011435085172095662,-0.15861285612804282
208,0.4500967741935484,-0.0005,0.1004,-3.141592653589793,1,0,14,0.01,0.16,alginate_chitosan_pic_al1ch1_research,0.16,0.00016800000000000002,0.00017138236388127736,0.00042280555493453095,2,0.060855293570809016,0.24648268014535993,18.863654209731482,-0.3577930199844744,-1.5018500674103499,2.160226417897844,-2.228756092091867,-1.5707326221557842,-0.35775892994698677,-0.015864361814484904,-0.0466203654632968,0.051163910338844994,-0.0045452242153665124,-1.1435085172095672e-05,-0.015861285612804296,0.1586436181448489,0.4662036546329676,-0.5116391033884495,0.045452242153665084,0.00011435085172095662,0.15861285612804282
209,0.4490967741935484,-0.0005,0.1004,-3.141592653589793,1,0,14,0.01,0.16,alginate_chitosan_pic_al1ch1_research,0.16,0.00016800000000000002,0.0011479901366730028,0.00042280555493453095,1,0.060855293570809016,0.24648268014535993,18.963654209731484,-0.3577930199844744,-1.5018500674103499,2.160226417897844,-2.228756092091867,-1.5707326221557842,-0.35775892994698677,0.0,0.0,0.0,0.0,0.0,0.0,-0.16007814335649545,-0.4678181879898871,0.5104412425453111,-0.042640686234474076,-0.00011585771115818468,-0.160047115740036
210,0.4480967741935484,-0.0005,0.1004,-3.141592653589793,1,0,14,0.01,0.16,alginate_chitosan_pic_al1ch1_research,0.16,0.00016800000000000002,0.00017172013082944625,0.00042248389016377643,2,0.06035871450843117,0.24634989337693652,19.063654209731485,-0.35939380141803934,-1.5065282492902488,2.165330830323297,-2.229182498954212,-1.5707337807328958,-0.35935940110438713,-0.01600781433564956,-0.04678181879898875,0.05104412425453115,-0.004264068623447411,-1.1585771115818478e-05,-0.016004711574003613,0.16007814335649545,0.4678181879898871,-0.5104412425453111,0.042640686234474076,0.00011585771115818468,0.160047115740036
211,0.4470967741935484,-0.0005,0.1004,-3.141592653589793,1,0,14,0.01,0.16,alginate_chitosan_pic_al1ch1_research,0.16,0.00016800000000000002,0.001148260325746982,0.00042248389016377643,1,0.06035871450843117,0.24634989337693652,19.163654209731487,-0.35939380141803934,-1.5065282492902488,2.165330830323297,-2.229182498954212,-1.5707337807328958,-0.35935940110438713,0.0,0.0,0.0,0.0,0.0,0.0,-0.16153242960253417,-0.4694648929493664,0.5092435072810977,-0.03979709338226549,-0.00011739653440478983,-0.16150113359768542
212,0.4460967741935484,-0.0005,0.1004,-3.141592653589793,1,0,14,0.01,0.16,alginate_chitosan_pic_al1ch1_research,0.16,0.00016800000000000002,0.00017206221392283903,0.0004221550896773604,2,0.05986293026912209,0.24620451149275638,19.263654209731488,-0.3610091257140647,-1.5112228982197424,2.170423265396108,-2.2295804698880346,-1.5707349546982399,-0.360974412440364,-0.01615324296025343,-0.04694648929493668,0.05092435072810981,-0.003979709338226552,-1.1739653440478993e-05,-0.016150113359768556,0.16153242960253417,0.4694648929493664,-0.5092435072810977,0.03979709338226549,0.00011739653440478983,0.16150113359768542
213,0.4450967741935484,-0.0005,0.1004,-3.141592653589793,1,0,14,0.01,0.16,alginate_chitosan_pic_al1ch1_research,0.16,0.00016800000000000002,0.0011485357329972046,0.0004221550896773604,1,0.05986293026912209,0.24620451149275638,19.36365420973149,-0.3610091257140647,-1.5112228982197424,2.170423265396108,-2.2295804698880346,-1.5707349546982399,-0.360974412440364,0.0,0.0,0.0,0.0,0.0,0.0,-0.16300684655048633,-0.47114425820204375,0.5080456790426761,-0.036920757109152005,-0.00011896762515118813,-0.16297527960983046
214,0.4440967741935484,-0.0005,0.1004,-3.141592653589793,1,0,14,0.01,0.16,alginate_chitosan_pic_al1ch1_research,0.16,0.00016800000000000002,0.0001724087349792449,0.00042181914132880677,2,0.059367972211733185,0.24604641588037823,19.463654209731484,-0.3626391941795694,-1.5159343408017625,2.1755037221865345,-2.229949677459126,-1.5707361443744914,-0.36260416523646216,-0.016300684655048196,-0.04711442582020311,0.05080456790426624,-0.003692075710915101,-1.1896762515118493e-05,-0.01629752796098261,0.16300684655048633,0.47114425820204375,-0.5080456790426761,0.036920757109152005,0.00011896762515118813,0.16297527960983046
215,0.4430967741935484,-0.0005,0.1004,-3.141592653589793,1,0,14,0.01,0.16,alginate_chitosan_pic_al1ch1_research,0.16,0.00016800000000000002,0.001148816517252455,0.00042181914132880677,1,0.059367972211733185,0.24604641588037823,19.563654209731485,-0.3626391941795694,-1.5159343408017625,2.1755037221865345,-2.229949677459126,-1.5707361443744914,-0.36260416523646216,0.0,0.0,0.0,0.0,0.0,0.0,-0.16450177171146135,-0.4728567834170408,0.506847535398113,-0.0340109552385836,-0.00012057193612413621,-0.16446993130402848
216,0.4420967741935484,-0.0005,0.1004,-3.141592653589793,1,0,14,0.01,0.16,alginate_chitosan_pic_al1ch1_research,0.16,0.00016800000000000002,0.00017275982103990767,0.000421476038171468,2,0.05887387141530996,0.24587549400039432,19.663654209731487,-0.36428421189668403,-1.520662908635933,2.1805721975405157,-2.230289787011512,-1.5707373500938526,-0.36424886454950245,-0.01645017717114615,-0.04728567834170412,0.05068475353981135,-0.003401095523858363,-1.2057193612413631e-05,-0.016446993130402862,0.16450177171146135,0.4728567834170408,-0.506847535398113,0.0340109552385836,0.00012057193612413621,0.16446993130402848
217,0.4410967741935484,-0.0005,0.1004,-3.141592653589793,1,0,14,0.01,0.16,alginate_chitosan_pic_al1ch1_research,0.16,0.00016800000000000002,0.001149102843308043,0.000421476038171468,1,0.05887387141530996,0.24587549400039432,19.763654209731488,-0.36428421189668403,-1.520662908635933,2.1805721975405157,-2.230289787011512,-1.5707373500938526,-0.36424886454950245,0.0,0.0,0.0,0.0,0.0,0.0,-0.16601759155270263,-0.47460298012833496,0.5056488512922721,-0.031066951063296547,-0.00012221047991367562,-0.16598547515729284
218,0.4400967741935484,-0.0005,0.1004,-3.141592653589793,1,0,14,0.01,0.16,alginate_chitosan_pic_al1ch1_research,0.16,0.00016800000000000002,0.00017311560472623304,0.00042112577910150684,2,0.058380658681848295,0.24569163991154172,19.86365420973149,-0.36594438781221106,-1.5254089384372163,2.1856286860534384,-2.230600456522145,-1.5707385721986518,-0.3659087193010754,-0.016601759155270276,-0.04746029801283354,0.05056488512922726,-0.0031066951063296573,-1.2221047991367574e-05,-0.016598547515729298,0.16601759155270263,0.47460298012833496,-0.5056488512922721,0.031066951063296547,0.00012221047991367562,0.16598547515729284
219,0.4390967741935484,-0.0005,0.1004,-3.141592653589793,1,0,14,0.01,0.16,alginate_chitosan_pic_al1ch1_research,0.16,0.00016800000000000002,0.0011493948822573802,0.00042112577910150684,1,0.058380658681848295,0.24569163991154172,19.96365420973149,-0.36594438781221106,-1.5254089384372163,2.1856286860534384,-2.230600456522145,-1.5707385721986518,-0.3659087193010754,0.0,0.0,0.0,0.0,0.0,0.0,-0.16755470179135007,-0.47638337200630515,0.5044493989729384,-0.028087993028558193,-0.00012388430792320527,-0.16752230689804887
220,0.4380967741935484,-0.0005,0.1004,-3.141592653589793,1,0,14,0.01,0.16,alginate_chitosan_pic_al1ch1_research,0.16,0.00016800000000000002,0.0001734762244953142,0.0004207683692622187,2,0.05788836453893828,0.24549475476956972,20.063654209731492,-0.36761993483012456,-1.5301727721572793,2.190673180043168,-2.2308813364524305,-1.570739811041731,-0.36758394237005587,-0.01675547017913502,-0.04763833720063056,0.050444939897293886,-0.002808799302855822,-1.2388430792320538e-05,-0.0167522306898049,0.16755470179135007,0.47638337200630515,-0.5044493989729384,0.028087993028558193,0.00012388430792320527,0.16752230689804887
221,0.4370967741935484,-0.0005,0.1004,-3.141592653589793,1,0,14,0.01,0.16,alginate_chitosan_pic_al1ch1_research,0.16,0.00016800000000000002,0.0011496928117369074,0.0004207683692622187,1,0.05788836453893828,0.24549475476956972,20.163654209731494,-0.36761993483012456,-1.5301727721572793,2.190673180043168,-2.2308813364524305,-1.570739811041731,-0.36758394237005587,0.0,0.0,0.0,0.0,0.0,0.0,0.0,0.0,0.0,0.0,0.0,0.0
222,0.4370967741935484,-0.0005,0.1004,-3.141592653589793,0,0,15,0.05,0.0,alginate_chitosan_pic_al1ch1_research,0.0,0.0,0.0011496928117369074,0.0004207683692622187,1,0.05788836453893828,0.24549475476956972,20.163655209731495,-0.36761993483012456,-1.5301727721572793,2.190673180043168,-2.2308813364524305,-1.570739811041731,-0.36758394237005587,0.0,0.0,0.0,0.0,0.0,0.0,0.0,0.0,0.0,0.0,0.0,0.0
223,0.4370967741935484,0.0005,0.1004,-3.141592653589793,0,0,15,0.05,0.0,alginate_chitosan_pic_al1ch1_research,0.0,0.0,0.0015018030383430654,0.0004207683692622187,1,0.05788836453893828,0.24549475476956972,20.183655209731494,-0.36761993483012456,-1.5301727721572793,2.190673180043168,-2.2308813364524305,-1.570739811041731,-0.36758394237005587,0.0,0.0,0.0,0.0,0.0,0.0,0.0,0.0,0.0,0.0,0.0,0.0
224,0.4370967741935484,0.0005,0.1004,-3.141592653589793,1,0,16,0.01,0.0,alginate_chitosan_pic_al1ch1_research,0.0,0.0,0.0015018030383430654,0.0004207683692622187,1,0.05788836453893828,0.24549475476956972,20.183656209731495,-0.36761993483012456,-1.5301727721572793,2.190673180043168,-2.2308813364524305,-1.570739811041731,-0.36758394237005587,0.0,0.0,0.0,0.0,0.0,0.0,0.0,0.0,0.0,0.0,0.0,0.0
225,0.4380967741935484,0.0005,0.1004,-3.141592653589793,1,0,16,0.01,0.16,alginate_chitosan_pic_al1ch1_research,0.16,0.00016800000000000002,0.0009816887516326627,0.0004207683692622187,1,0.05788836453893828,0.24549475476956972,20.283656209731497,-0.36761993483012456,-1.5301727721572793,2.190673180043168,-2.2308813364524305,-1.570739811041731,-0.36758394237005587,0.0,0.0,0.0,0.0,0.0,0.0,0.0,0.0,0.0,0.0,0.0,0.0
226,0.4390967741935484,0.0005,0.1004,-3.141592653589793,1,0,16,0.01,0.16,alginate_chitosan_pic_al1ch1_research,0.16,0.00016800000000000002,0.0012930635112738012,0.0004207683692622187,1,0.05788836453893828,0.24549475476956972,20.383656209731498,-0.36761993483012456,-1.5301727721572793,2.190673180043168,-2.2308813364524305,-1.570739811041731,-0.36758394237005587,0.0,0.0,0.0,0.0,0.0,0.0,0.3700210943559983,0.43909747166417296,-0.46228427167993497,0.012038679442616364,0.009551785430250686,0.36643099199143925
227,0.4400967741935484,0.0005,0.1004,-3.141592653589793,1,0,16,0.01,0.16,alginate_chitosan_pic_al1ch1_research,0.16,0.00016800000000000002,0.00012010042788927346,0.0003398231699686402,2,0.05834012530270852,0.2456772092042576,20.4836562097315,-0.3639197238865646,-1.5257817974406376,2.1860503373263684,-2.2307609496580043,-1.5706442931874285,-0.3639196324501415,0.03700210943559986,0.04390974716641734,-0.04622842716799354,0.0012038679442616374,0.0009551785430250695,0.03664309919914396,-0.3700210943559983,-0.43909747166417296,0.46228427167993497,-0.012038679442616364,-0.009551785430250686,-0.36643099199143925
228,0.4410967741935484,0.0005,0.1004,-3.141592653589793,1,0,16,0.01,0.16,alginate_chitosan_pic_al1ch1_research,0.16,0.00016800000000000002,0.0009273835044718996,0.0003398231699686402,1,0.05834012530270852,0.2456772092042576,20.5836562097315,-0.3639197238865646,-1.5257817974406376,2.1860503373263684,-2.2307609496580043,-1.5706442931874285,-0.3639196324501415,0.0,0.0,0.0,0.0,0.0,0.0,0.0,0.0,0.0,0.0,0.0,0.0
229,0.4420967741935484,0.0005,0.1004,-3.141592653589793,1,0,16,0.01,0.16,alginate_chitosan_pic_al1ch1_research,0.16,0.00016800000000000002,0.0019250081080229196,0.0003398231699686402,1,0.05834012530270852,0.2456772092042576,20.683656209731502,-0.3639197238865646,-1.5257817974406376,2.1860503373263684,-2.2307609496580043,-1.5706442931874285,-0.3639196324501415,0.0,0.0,0.0,0.0,0.0,0.0,0.2481775853098385,0.7081282379199014,-0.7521219014383171,0.0404409562142493,-0.0002495692943638157,0.24958221787224025
230,0.4430967741935484,0.0005,0.1004,-3.141592653589793,1,0,16,0.01,0.16,alginate_chitosan_pic_al1ch1_research,0.16,0.00016800000000000002,0.00010780112908343873,0.00030756332113604946,2,0.05907440890113857,0.24594652716136026,20.783656209731504,-0.3614379480334662,-1.5187005150614385,2.1785291183119853,-2.230356540095862,-1.5706467888803721,-0.36142381027141907,0.02481775853098387,0.0708128237919902,-0.07521219014383178,0.004044095621424933,-2.495692943638159e-05,0.024958221787224046,-0.2481775853098385,-0.7081282379199014,0.7521219014383171,-0.0404409562142493,0.0002495692943638157,-0.24958221787224025
231,0.4440967741935484,0.0005,0.1004,-3.141592653589793,1,0,16,0.01,0.16,alginate_chitosan_pic_al1ch1_research,0.16,0.00016800000000000002,0.0009397974228617163,0.00030756332113604946,1,0.05907440890113857,0.24594652716136026,20.883656209731505,-0.3614379480334662,-1.5187005150614385,2.1785291183119853,-2.230356540095862,-1.5706467888803721,-0.36142381027141907,0.0,0.0,0.0,0.0,0.0,0.0,0.0,0.0,0.0,0.0,0.0,0.0
232,0.4450967741935484,0.0005,0.1004,-3.141592653589793,1,0,16,0.01,0.16,alginate_chitosan_pic_al1ch1_research,0.16,0.00016800000000000002,0.0019377350976341353,0.00030756332113604946,1,0.05907440890113857,0.24594652716136026,20.9836562097315,-0.3614379480334662,-1.5187005150614385,2.1785291183119853,-2.230356540095862,-1.5706467888803721,-0.36142381027141907,0.0,0.0,0.0,0.0,0.0,0.0,0.24401015828643483,0.7077140223868478,-0.7612433803496386,0.05327346785821835,5.855337585902884e-05,0.24403624930283777
233,0.4460967741935484,0.0005,0.1004,-3.141592653589793,1,0,16,0.01,0.16,alginate_chitosan_pic_al1ch1_research,0.16,0.00016800000000000002,0.00010663666149231625,0.00030563228286910956,2,0.05981628844430624,0.24619008075329818,21.0836562097315,-0.3589978464506019,-1.5116233748375703,2.170916684508489,-2.2298238054172796,-1.5706462033466135,-0.35898344777839075,0.024401015828642826,0.07077140223868288,-0.07612433803496181,0.005327346785821692,5.855337585902726e-06,0.02440362493028312,-0.24401015828642805,-0.7077140223868281,0.7612433803496175,-0.05327346785821687,-5.855337585902721e-05,-0.244036249302831
234,0.4470967741935484,0.0005,0.1004,-3.141592653589793,1,0,16,0.01,0.16,alginate_chitosan_pic_al1ch1_research,0.16,0.00016800000000000002,0.0009401552710975297,0.00030563228286910956,1,0.05981628844430624,0.24619008075329818,21.183656209731502,-0.3589978464506019,-1.5116233748375703,2.170916684508489,-2.2298238054172796,-1.5706462033466135,-0.35898344777839075,0.0,0.0,0.0,0.0,0.0,0.0,0.0,0.0,0.0,0.0,0.0,0.0
235,0.4480967741935484,0.0005,0.1004,-3.141592653589793,1,0,16,0.01,0.16,alginate_chitosan_pic_al1ch1_research,0.16,0.00016800000000000002,0.0019381466636894937,0.00030563228286910956,1,0.05981628844430624,0.24619008075329818,21.283656209731504,-0.3589978464506019,-1.5116233748375703,2.170916684508489,-2.2298238054172796,-1.5706462033466135,-0.35898344777839075,0.0,0.0,0.0,0.0,0.0,0.0,0.24069523288597308,0.7039749324032161,-0.7641442180778211,0.060042675606775016,6.397242571232186e-05,0.2406949565728951
236,0.4490967741935484,0.0005,0.1004,-3.141592653589793,1,0,16,0.01,0.16,alginate_chitosan_pic_al1ch1_research,0.16,0.00016800000000000002,0.00010588824148683201,0.00030484744069431434,2,0.06056019790944347,0.24640510946746513,21.383656209731505,-0.35659089412174216,-1.504583625513538,2.163275242327711,-2.229223378661212,-1.5706455636223564,-0.3565764982126618,0.02406952328859733,0.07039749324032167,-0.07641442180778217,0.006004267560677507,6.397242571232192e-06,0.02406949565728953,-0.24069523288597308,-0.7039749324032161,0.7641442180778211,-0.060042675606775016,-6.397242571232186e-05,-0.2406949565728951
237,0.4500967741935484,0.0005,0.1004,-3.141592653589793,1,0,16,0.01,0.16,alginate_chitosan_pic_al1ch1_research,0.16,0.00016800000000000002,0.000940287407724428,0.00030484744069431434,1,0.06056019790944347,0.24640510946746513,21.483656209731507,-0.35659089412174216,-1.504583625513538,2.163275242327711,-2.229223378661212,-1.5706455636223564,-0.3565764982126618,0.0,0.0,0.0,0.0,0.0,0.0,0.0,0.0,0.0,0.0,0.0,0.0
238,0.4510967741935484,0.0005,0.1004,-3.141592653589793,1,0,16,0.01,0.16,alginate_chitosan_pic_al1ch1_research,0.16,0.00016800000000000002,0.0019383158923573524,0.00030484744069431434,1,0.06056019790944347,0.24640510946746513,21.583656209731508,-0.35659089412174216,-1.504583625513538,2.163275242327711,-2.229223378661212,-1.5706455636223564,-0.3565764982126618,0.0,0.0,0.0,0.0,0.0,0.0,0.23745140578091364,0.7002888132994644,-0.7668411091878977,0.06642837235286679,6.410356669928051e-05,0.2374508081143696
239,0.4520967741935484,0.0005,0.1004,-3.141592653589793,1,0,16,0.01,0.16,alginate_chitosan_pic_al1ch1_research,0.16,0.00016800000000000002,0.00010515507144477901,0.0003040909549051192,2,0.06130586616925929,0.24659192071381547,21.68365620973151,-0.354216380063933,-1.4975807373805434,2.155606831235832,-2.2285590949376832,-1.5706449225866894,-0.3542019901315181,0.023745140578091385,0.0700288813299465,-0.07668411091878984,0.0066428372352866855,6.4103566699280575e-06,0.023745080811436982,-0.23745140578091364,-0.7002888132994644,0.7668411091878977,-0.06642837235286679,-6.410356669928051e-05,-0.2374508081143696
240,0.4530967741935484,0.0005,0.1004,-3.141592653589793,1,0,16,0.01,0.16,alginate_chitosan_pic_al1ch1_research,0.16,0.00016800000000000002,0.000940426633704135,0.0003040909549051192,1,0.06130586616925929,0.24659192071381547,21.78365620973151,-0.354216380063933,-1.4975807373805434,2.155606831235832,-2.2285590949376832,-1.5706449225866894,-0.3542019901315181,0.0,0.0,0.0,0.0,0.0,0.0,0.0,0.0,0.0,0.0,0.0,0.0
241,0.4540967741935484,0.0005,0.1004,-3.141592653589793,1,0,16,0.01,0.16,alginate_chitosan_pic_al1ch1_research,0.16,0.00016800000000000002,0.0019384908866718023,0.0003040909549051192,1,0.06130586616925929,0.24659192071381547,21.883656209731512,-0.354216380063933,-1.4975807373805434,2.155606831235832,-2.2285590949376832,-1.5706449225866894,-0.3542019901315181,0.0,0.0,0.0,0.0,0.0,0.0,0.23427321412982052,0.696709103059011,-0.7695315834525638,0.07269636822297963,6.43722378068644e-05,0.23427274750044094
242,0.4550967741935484,0.0005,0.1004,-3.141592653589793,1,0,16,0.01,0.16,alginate_chitosan_pic_al1ch1_research,0.16,0.00016800000000000002,0.00010442227435800373,0.0003033214992259737,2,0.062053180053959364,0.24675094189522484,21.983656209731514,-0.3518736479226348,-1.4906136463499533,2.147911515401306,-2.2278321312554534,-1.5706442788643113,-0.3518592626565137,0.023427321412982073,0.06967091030590117,-0.07695315834525644,0.00726963682229797,6.437223780686446e-06,0.023427274750044115,-0.23427321412982052,-0.696709103059011,0.7695315834525638,-0.07269636822297963,-6.43722378068644e-05,-0.23427274750044094
243,0.4560967741935484,0.0005,0.1004,-3.141592653589793,1,0,16,0.01,0.16,alginate_chitosan_pic_al1ch1_research,0.16,0.00016800000000000002,0.0009405794348765745,0.0003033214992259737,1,0.062053180053959364,0.24675094189522484,22.083656209731515,-0.3518736479226348,-1.4906136463499533,2.147911515401306,-2.2278321312554534,-1.5706442788643113,-0.3518592626565137,0.0,0.0,0.0,0.0,0.0,0.0,0.0,0.0,0.0,0.0,0.0,0.0
244,0.4570967741935484,0.0005,0.1004,-3.141592653589793,1,0,16,0.01,0.16,alginate_chitosan_pic_al1ch1_research,0.16,0.00016800000000000002,0.001938678760198135,0.0003033214992259737,1,0.062053180053959364,0.24675094189522484,22.183656209731517,-0.3518736479226348,-1.4906136463499533,2.147911515401306,-2.2278321312554534,-1.5706442788643113,-0.3518592626565137,0.0,0.0,0.0,0.0,0.0,0.0,0.23115916622155022,0.6932349888283827,-0.7722238324872053,0.0788603862443614,6.462476991320175e-05,0.23115883923057148
245,0.4580967741935484,0.0005,0.1004,-3.141592653589793,1,0,16,0.01,0.16,alginate_chitosan_pic_al1ch1_research,0.16,0.00016800000000000002,0.00010368919012478843,0.00030253783818441073,2,0.06280203058799276,0.24688262617968548,22.283656209731518,-0.3495620562604193,-1.4836812964616695,2.140189277076434,-2.22704352739301,-1.5706436326166122,-0.34954767426420796,0.023115916622155043,0.06932349888283834,-0.07722238324872059,0.007886038624436147,6.4624769913201815e-06,0.02311588392305717,-0.23115916622155022,-0.6932349888283827,0.7722238324872053,-0.0788603862443614,-6.462476991320175e-05,-0.23115883923057148
246,0.4590967741935484,0.0005,0.1004,-3.141592653589793,1,0,16,0.01,0.16,alginate_chitosan_pic_al1ch1_research,0.16,0.00016800000000000002,0.0009407457821263946,0.00030253783818441073,1,0.06280203058799276,0.24688262617968548,22.38365620973152,-0.3495620562604193,-1.4836812964616695,2.140189277076434,-2.22704352739301,-1.5706436326166122,-0.34954767426420796,0.0,0.0,0.0,0.0,0.0,0.0,0.0,0.0,0.0,0.0,0.0,0.0
247,0.4600967741935484,0.0005,0.1004,-3.141592653589793,1,0,16,0.01,0.16,alginate_chitosan_pic_al1ch1_research,0.16,0.00016800000000000002,0.0019388795230824614,0.00030253783818441073,1,0.06280203058799276,0.24688262617968548,22.48365620973152,-0.3495620562604193,-1.4836812964616695,2.140189277076434,-2.22704352739301,-1.5706436326166122,-0.34954767426420796,0.0,0.0,0.0,0.0,0.0,0.0,0.22810754584614526,0.6898642211768712,-0.7749191937637332,0.08492419046608454,6.48473633901857e-05,0.22810735973842713
248,0.4610967741935484,0.0005,0.1004,-3.141592653589793,1,0,16,0.01,0.16,alginate_chitosan_pic_al1ch1_research,0.16,0.00016800000000000002,0.00010295569554432654,0.00030174020185881395,2,0.06355230752364699,0.24698744572551828,22.583656209731522,-0.34728098080195785,-1.4767826542499007,2.132440085138797,-2.226194285488349,-1.5706429841429783,-0.3472666006668237,0.022810754584614547,0.06898642211768719,-0.07749191937637338,0.008492419046608461,6.484736339018576e-06,0.022810735973842734,-0.22810754584614526,-0.6898642211768712,0.7749191937637332,-0.08492419046608454,-6.48473633901857e-05,-0.22810735973842713
249,0.4620967741935484,0.0005,0.1004,-3.141592653589793,1,0,16,0.01,0.16,alginate_chitosan_pic_al1ch1_research,0.16,0.00016800000000000002,0.000940925424322576,0.00030174020185881395,1,0.06355230752364699,0.24698744572551828,22.683656209731524,-0.34728098080195785,-1.4767826542499007,2.132440085138797,-2.226194285488349,-1.5706429841429783,-0.3472666006668237,0.0,0.0,0.0,0.0,0.0,0.0,0.0,0.0,0.0,0.0,0.0,0.0
250,0.4620967741935484,0.0005,0.1004,-3.141592653589793,0,0,17,0.05,0.0,alginate_chitosan_pic_al1ch1_research,0.0,0.0,0.000940925424322576,0.00030174020185881395,1,0.06355230752364699,0.24698744572551828,22.683657209731525,-0.34728098080195785,-1.4767826542499007,2.132440085138797,-2.226194285488349,-1.5706429841429783,-0.3472666006668237,0.0,0.0,0.0,0.0,0.0,0.0,0.0,0.0,0.0,0.0,0.0,0.0
251,0.4620967741935484,0.0015,0.1004,-3.141592653589793,0,0,17,0.05,0.0,alginate_chitosan_pic_al1ch1_research,0.0,0.0,0.0013591997556157815,0.00030174020185881395,1,0.06355230752364699,0.24698744572551828,22.703657209731524,-0.34728098080195785,-1.4767826542499007,2.132440085138797,-2.226194285488349,-1.5706429841429783,-0.3472666006668237,0.0,0.0,0.0,0.0,0.0,0.0,0.0,0.0,0.0,0.0,0.0,0.0
252,0.4620967741935484,0.0015,0.1004,-3.141592653589793,1,0,18,0.01,0.0,alginate_chitosan_pic_al1ch1_research,0.0,0.0,0.0013591997556157815,0.00030174020185881395,1,0.06355230752364699,0.24698744572551828,22.703658209731525,-0.34728098080195785,-1.4767826542499007,2.132440085138797,-2.226194285488349,-1.5706429841429783,-0.3472666006668237,0.0,0.0,0.0,0.0,0.0,0.0,0.0,0.0,0.0,0.0,0.0,0.0
253,0.4610967741935484,0.0015,0.1004,-3.141592653589793,1,0,18,0.01,0.16,alginate_chitosan_pic_al1ch1_research,0.16,0.00016800000000000002,0.0009862470262436264,0.00030174020185881395,1,0.06355230752364699,0.24698744572551828,22.803658209731527,-0.34728098080195785,-1.4767826542499007,2.132440085138797,-2.226194285488349,-1.5706429841429783,-0.3472666006668237,0.0,0.0,0.0,0.0,0.0,0.0,0.0,0.0,0.0,0.0,0.0,0.0
254,0.4600967741935484,0.0015,0.1004,-3.141592653589793,1,0,18,0.01,0.16,alginate_chitosan_pic_al1ch1_research,0.16,0.00016800000000000002,0.001448427567358063,0.00030174020185881395,1,0.06355230752364699,0.24698744572551828,22.903658209731528,-0.34728098080195785,-1.4767826542499007,2.132440085138797,-2.226194285488349,-1.5706429841429783,-0.3472666006668237,0.0,0.0,0.0,0.0,0.0,0.0,0.06582978752627243,-0.4500438302290402,0.4998729895864243,-0.03452390511324837,-0.005847491855037735,0.06563756224203231
255,0.4590967741935484,0.0015,0.1004,-3.141592653589793,1,0,18,0.01,0.16,alginate_chitosan_pic_al1ch1_research,0.16,0.00016800000000000002,0.0001623702658506681,0.0004234763658643062,2,0.06306699839789688,0.2469180886512779,23.00365820973153,-0.3466226829266951,-1.4812830925521911,2.137438815034661,-2.2265395245394815,-1.5707014590615287,-0.34661022504440336,0.006582978752627249,-0.04500438302290406,0.04998729895864247,-0.00345239051132484,-0.000584749185503774,0.006563756224203237,-0.06582978752627243,0.4500438302290402,-0.4998729895864243,0.03452390511324837,0.005847491855037735,-0.06563756224203231
256,0.4580967741935484,0.0015,0.1004,-3.141592653589793,1,0,18,0.01,0.16,alginate_chitosan_pic_al1ch1_research,0.16,0.00016800000000000002,0.0011404110047726675,0.0004234763658643062,1,0.06306699839789688,0.2469180886512779,23.10365820973153,-0.3466226829266951,-1.4812830925521911,2.137438815034661,-2.2265395245394815,-1.5707014590615287,-0.34661022504440336,0.0,0.0,0.0,0.0,0.0,0.0,-0.14720747166552223,-0.459681968583924,0.5138687623974727,-0.05374877570174509,-0.0025475817496678444,-0.14528656666846193
257,0.4570967741935484,0.0015,0.1004,-3.141592653589793,1,0,18,0.01,0.16,alginate_chitosan_pic_al1ch1_research,0.16,0.00016800000000000002,0.00016978249204633623,0.0004238262145154579,2,0.06256898691692887,0.24683840560087927,23.203658209731532,-0.34809475764335035,-1.4858799122380304,2.142577502658636,-2.227077012296499,-1.5707269348790254,-0.348063090711088,-0.014720747166552237,-0.04596819685839244,0.05138687623974731,-0.005374877570174514,-0.00025475817496678466,-0.014528656666846206,0.14720747166552223,0.459681968583924,-0.5138687623974727,0.05374877570174509,0.0025475817496678444,0.14528656666846193
258,0.4560967741935484,0.0015,0.1004,-3.141592653589793,1,0,18,0.01,0.16,alginate_chitosan_pic_al1ch1_research,0.16,0.00016800000000000002,0.001146598871122483,0.0004238262145154579,1,0.06256898691692887,0.24683840560087927,23.303658209731534,-0.34809475764335035,-1.4858799122380304,2.142577502658636,-2.227077012296499,-1.5707269348790254,-0.348063090711088,0.0,0.0,0.0,0.0,0.0,0.0,-0.15326061114924155,-0.46245758886236304,0.5146094785073876,-0.05213649243285259,-0.00020310212984764285,-0.15317243879021086
259,0.4550967741935484,0.0015,0.1004,-3.141592653589793,1,0,18,0.01,0.16,alginate_chitosan_pic_al1ch1_research,0.16,0.00016800000000000002,0.0001703578835854453,0.0004237168135732338,2,0.06206986760531696,0.24674783716633186,23.403658209731535,-0.34962736375484277,-1.490504488126654,2.1477235974437097,-2.2275983772208274,-1.5707289659003238,-0.3495948150989901,-0.01532606111492417,-0.046245758886236346,0.0514609478507388,-0.005213649243285263,-2.0310212984764303e-05,-0.0153172438790211,0.15326061114924155,0.46245758886236304,-0.5146094785073876,0.05213649243285259,0.00020310212984764285,0.15317243879021086
260,0.4540967741935484,0.0015,0.1004,-3.141592653589793,1,0,18,0.01,0.16,alginate_chitosan_pic_al1ch1_research,0.16,0.00016800000000000002,0.0011470693822917136,0.0004237168135732338,1,0.06206986760531696,0.24674783716633186,23.503658209731537,-0.34962736375484277,-1.490504488126654,2.1477235974437097,-2.2275983772208274,-1.5707289659003238,-0.3495948150989901,0.0,0.0,0.0,0.0,0.0,0.0,-0.1547750544943824,-0.46405496675696517,0.5134956006021865,-0.049454766835976736,-0.00011453836130659291,-0.15474325706281683
261,0.4530967741935484,0.0015,0.1004,-3.141592653589793,1,0,18,0.01,0.16,alginate_chitosan_pic_al1ch1_research,0.16,0.00016800000000000002,0.000170691648477968,0.0004234216212850751,2,0.06157135496865,0.2466451527334063,23.603658209731538,-0.3511751142997866,-1.4951450377942237,2.1528585534497315,-2.228092924889187,-1.570730111283937,-0.35114224766961827,-0.015477505449438253,-0.04640549667569656,0.05134956006021869,-0.004945476683597678,-1.1453836130659302e-05,-0.015474325706281697,0.1547750544943824,0.46405496675696517,-0.5134956006021865,0.049454766835976736,0.00011453836130659291,0.15474325706281683
262,0.4520967741935484,0.0015,0.1004,-3.141592653589793,1,0,18,0.01,0.16,alginate_chitosan_pic_al1ch1_research,0.16,0.00016800000000000002,0.0011473317349378783,0.0004234216212850751,1,0.06157135496865,0.2466451527334063,23.70365820973154,-0.3511751142997866,-1.4951450377942237,2.1528585534497315,-2.228092924889187,-1.570730111283937,-0.35114224766961827,0.0,0.0,0.0,0.0,0.0,0.0,-0.1561711406763308,-0.46562818431627934,0.5123011427860638,-0.0466892845412569,-0.00011295813051592753,-0.15614077326574466
263,0.4510967741935484,0.0015,0.1004,-3.141592653589793,1,0,18,0.01,0.16,alginate_chitosan_pic_al1ch1_research,0.16,0.00016800000000000002,0.00017102047904172653,0.00042310931681272527,2,0.061073555594477406,0.24653017928974347,23.80365820973154,-0.3527368257065499,-1.4998013196373865,2.157981564877592,-2.2285598177345998,-1.570731240865242,-0.3527036554022757,-0.015617114067633095,-0.046562818431627975,0.051230114278606416,-0.004668928454125694,-1.1295813051592763e-05,-0.01561407732657448,0.1561711406763308,0.46562818431627934,-0.5123011427860638,0.0466892845412569,0.00011295813051592753,0.15614077326574466
264,0.4500967741935484,0.0015,0.1004,-3.141592653589793,1,0,18,0.01,0.16,alginate_chitosan_pic_al1ch1_research,0.16,0.00016800000000000002,0.0011475909311697288,0.00042310931681272527,1,0.061073555594477406,0.24653017928974347,23.903658209731542,-0.3527368257065499,-1.4998013196373865,2.157981564877592,-2.2285598177345998,-1.570731240865242,-0.3527036554022757,0.0,0.0,0.0,0.0,0.0,0.0,-0.15758184920914825,-0.46723077216173,0.5111038474668641,-0.043890293875836685,-0.00011433795021886774,-0.15755127211005665
265,0.4490967741935484,0.0015,0.1004,-3.141592653589793,1,0,18,0.01,0.16,alginate_chitosan_pic_al1ch1_research,0.16,0.00016800000000000002,0.0001713530666317859,0.000422789365216254,2,0.06057650453573453,0.24640278447396888,24.003658209731544,-0.3543126441986414,-1.5044736273590038,2.163092603352261,-2.228998720673358,-1.5707323842447443,-0.3542791681233763,-0.01575818492091484,-0.04672307721617304,0.05111038474668645,-0.004389029387583673,-1.1433795021886784e-05,-0.01575512721100568,0.15758184920914825,0.46723077216173,-0.5111038474668641,0.043890293875836685,0.00011433795021886774,0.15755127211005665
266,0.4480967741935484,0.0015,0.1004,-3.141592653589793,1,0,18,0.01,0.16,alginate_chitosan_pic_al1ch1_research,0.16,0.00016800000000000002,0.001147854760194733,0.000422789365216254,1,0.06057650453573453,0.24640278447396888,24.103658209731545,-0.3543126441986414,-1.5044736273590038,2.163092603352261,-2.228998720673358,-1.5707323842447443,-0.3542791681233763,0.0,0.0,0.0,0.0,0.0,0.0,-0.15901182508942763,-0.46886529240241975,0.5099066545188871,-0.0410594264275143,-0.00011584691261834459,-0.15898098483227957
267,0.4470967741935484,0.0015,0.1004,-3.141592653589793,1,0,18,0.01,0.16,alginate_chitosan_pic_al1ch1_research,0.16,0.00016800000000000002,0.00017168983895314352,0.00042246218832136184,2,0.06008023368965057,0.24626284173377752,24.203658209731547,-0.35590276244953567,-1.509162280283028,2.1681916698974497,-2.2294093149376333,-1.5707335427138704,-0.3558689779716991,-0.015901182508942777,-0.04688652924024202,0.050990665451888746,-0.004105942642751433,-1.1584691261834469e-05,-0.01589809848322797,0.15901182508942763,0.46886529240241975,-0.5099066545188871,0.0410594264275143,0.00011584691261834459,0.15898098483227957
268,0.4460967741935484,0.0015,0.1004,-3.141592653589793,1,0,18,0.01,0.16,alginate_chitosan_pic_al1ch1_research,0.16,0.00016800000000000002,0.0011481236517260672,0.00042246218832136184,1,0.06008023368965057,0.24626284173377752,24.303658209731548,-0.35590276244953567,-1.509162280283028,2.1681916698974497,-2.2294093149376333,-1.5707335427138704,-0.3558689779716991,0.0,0.0,0.0,0.0,0.0,0.0,-0.16046157375828013,-0.4705323075006698,0.5087094681520012,-0.03819607831010423,-0.00011739083125572571,-0.16043046617469886
269,0.4450967741935484,0.0015,0.1004,-3.141592653589793,1,0,18,0.01,0.16,alginate_chitosan_pic_al1ch1_research,0.16,0.00016800000000000002,0.00017203092542010995,0.0004221277875118726,2,0.05958477455850546,0.24611022985897718,24.40365820973155,-0.3575073781871185,-1.5138676033580347,2.1732787645789697,-2.2297912757207343,-1.570734716622183,-0.3574732826334461,-0.016046157375828027,-0.047053230750067024,0.050870946815200165,-0.0038196078310104263,-1.1739083125572581e-05,-0.0160430466174699,0.16046157375828457,0.47053230750068287,-0.5087094681520153,0.03819607831010529,0.00011739083125572896,0.1604304661747033
270,0.4440967741935484,0.0015,0.1004,-3.141592653589793,1,0,18,0.01,0.16,alginate_chitosan_pic_al1ch1_research,0.16,0.00016800000000000002,0.0011483977704674015,0.0004221277875118726,1,0.05958477455850546,0.24611022985897718,24.503658209731544,-0.3575073781871185,-1.5138676033580347,2.1732787645789697,-2.2297912757207343,-1.570734716622183,-0.3574732826334461,0.0,0.0,0.0,0.0,0.0,0.0,-0.16193147078266001,-0.47223231631709056,0.5075120716040126,-0.035299536041534046,-0.00011896740765849099,-0.1619000933038337
271,0.4430967741935484,0.0015,0.1004,-3.141592653589793,1,0,18,0.01,0.16,alginate_chitosan_pic_al1ch1_research,0.16,0.00016800000000000002,0.0001723764494492283,0.0004217861510638353,2,0.059090158359343,0.2459448334970232,24.603658209731545,-0.35912669289494503,-1.5185899265212055,2.1783538852950097,-2.2301442710811497,-1.5707359062962596,-0.35909228356648437,-0.016193147078265566,-0.04722323163170779,0.050751207160399894,-0.00352995360415331,-1.189674076584878e-05,-0.016190009330382935,0.16193147078265552,0.47223231631707746,-0.5075120716039985,0.03529953604153307,0.0001189674076584877,0.1619000933038292
272,0.4420967741935484,0.0015,0.1004,-3.141592653589793,1,0,18,0.01,0.16,alginate_chitosan_pic_al1ch1_research,0.16,0.00016800000000000002,0.0011486772771336284,0.0004217861510638353,1,0.059090158359343,0.2459448334970232,24.703658209731547,-0.35912669289494503,-1.5185899265212055,2.1783538852950097,-2.2301442710811497,-1.5707359062962596,-0.35909228356648437,0.0,0.0,0.0,0.0,0.0,0.0,-0.16342189581971506,-0.47396582678529336,0.5063142410305135,-0.03236906781944875,-0.00012057751981320288,-0.16339024593867685
273,0.4410967741935484,0.0015,0.1004,-3.141592653589793,1,0,18,0.01,0.16,alginate_chitosan_pic_al1ch1_research,0.16,0.00016800000000000002,0.00017272653947310724,0.00042143727206868375,2,0.058596416030788905,0.24576654369240936,24.803658209731548,-0.3607609118531422,-1.5233295847890584,2.183417027705315,-2.230467961759344,-1.5707371120714577,-0.36072618602587114,-0.01634218958197152,-0.04739658267852938,0.050631424103051395,-0.0032369067819448785,-1.2057751981320298e-05,-0.0163390245938677,0.16342189581971506,0.47396582678529336,-0.5063142410305135,0.03236906781944875,0.00012057751981320288,0.16339024593867685
274,0.4400967741935484,0.0015,0.1004,-3.141592653589793,1,0,18,0.01,0.16,alginate_chitosan_pic_al1ch1_research,0.16,0.00016800000000000002,0.0011489623382266846,0.00042143727206868375,1,0.058596416030788905,0.24576654369240936,24.90365820973155,-0.3607609118531422,-1.5233295847890584,2.183417027705315,-2.230467961759344,-1.5707371120714577,-0.36072618602587114,0.0,0.0,0.0,0.0,0.0,0.0,-0.16493323744257687,-0.47573335881767514,0.5051157497671701,-0.02940392694439348,-0.00012222219245572297,-0.1649013126647833
275,0.4390967741935484,0.0015,0.1004,-3.141592653589793,1,0,18,0.01,0.16,alginate_chitosan_pic_al1ch1_research,0.16,0.00016800000000000002,0.0001730813295897157,0.0004210811495304096,2,0.058103578235880825,0.24557525841584502,25.00365820973155,-0.36241024422756796,-1.5280869183772352,2.1884681852029866,-2.230762001028788,-1.5707383342933823,-0.362375199152519,-0.0164933237442577,-0.047573335881767556,0.05051157497671706,-0.0029403926944393506,-1.2222219245572309e-05,-0.016490131266478344,0.16493323744257687,0.47573335881767514,-0.5051157497671701,0.02940392694439348,0.00012222219245572297,0.1649013126647833
276,0.4380967741935484,0.0015,0.1004,-3.141592653589793,1,0,18,0.01,0.16,alginate_chitosan_pic_al1ch1_research,0.16,0.00016800000000000002,0.0011492531266267848,0.0004210811495304096,1,0.058103578235880825,0.24557525841584502,25.103658209731552,-0.36241024422756796,-1.5280869183772352,2.1884681852029866,-2.230762001028788,-1.5707383342933823,-0.362375199152519,0.0,0.0,0.0,0.0,0.0,0.0,-0.1664658935649707,-0.4775354446540528,0.5039163683685723,-0.026403351592429968,-0.00012390249330973525,-0.16643369140846825
277,0.4370967741935484,0.0015,0.1004,-3.141592653589793,1,0,18,0.01,0.16,alginate_chitosan_pic_al1ch1_research,0.16,0.00016800000000000002,0.0001734409598380131,0.00042071778878917474,2,0.05761167536468388,0.24537088306695834,25.203658209731554,-0.36407490316321767,-1.5328622728237757,2.1935073488866723,-2.2310260345447124,-1.5707395733183154,-0.36403953606660366,-0.016646589356497085,-0.04775354446540532,0.05039163683685728,-0.002640335159242999,-1.2390249330973536e-05,-0.01664336914084684,0.33292845784536296,0.9550613386947187,-1.0078226585105596,0.05280617512310871,0.0002478025085943846,0.3328640541763947
278,0.4370967741935484,0.0015,0.1004,-3.141592653589793,0,0,19,0.05,0.0,alginate_chitosan_pic_al1ch1_research,0.0,0.0,0.0001734409598380131,0.00042071778878917474,1,0.05761167536468388,0.24537088306695834,25.203659209731555,-0.36407490316321767,-1.5328622728237757,2.1935073488866723,-2.2310260345447124,-1.5707395733183154,-0.36403953606660366,0.0,0.0,0.0,0.0,0.0,0.0,0.0,0.0,0.0,0.0,0.0,0.0
279,0.4370967741935484,0.0025,0.1004,-3.141592653589793,0,0,19,0.05,0.0,alginate_chitosan_pic_al1ch1_research,0.0,0.0,0.0009813228332969438,0.00042071778878917474,1,0.05761167536468388,0.24537088306695834,25.223659209731554,-0.36407490316321767,-1.5328622728237757,2.1935073488866723,-2.2310260345447124,-1.5707395733183154,-0.36403953606660366,0.0,0.0,0.0,0.0,0.0,0.0,0.0,0.0,0.0,0.0,0.0,0.0
280,0.4370967741935484,0.0025,0.1004,-3.141592653589793,1,0,20,0.01,0.0,alginate_chitosan_pic_al1ch1_research,0.0,0.0,0.0009813228332969438,0.00042071778878917474,1,0.05761167536468388,0.24537088306695834,25.223660209731555,-0.36407490316321767,-1.5328622728237757,2.1935073488866723,-2.2310260345447124,-1.5707395733183154,-0.36403953606660366,0.0,0.0,0.0,0.0,0.0,0.0,0.0,0.0,0.0,0.0,0.0,0.0
281,0.4380967741935484,0.0025,0.1004,-3.141592653589793,1,0,20,0.01,0.16,alginate_chitosan_pic_al1ch1_research,0.16,0.00016800000000000002,0.001292908147073385,0.00042071778878917474,1,0.05761167536468388,0.24537088306695834,25.323660209731557,-0.36407490316321767,-1.5328622728237757,2.1935073488866723,-2.2310260345447124,-1.5707395733183154,-0.36403953606660366,0.0,0.0,0.0,0.0,0.0,0.0,0.36976360772615835,0.44114775122536726,-0.46289678355844105,0.01062717065378747,0.009563705869064503,0.36618900126521514
282,0.4390967741935484,0.0025,0.1004,-3.141592653589793,1,0,20,0.01,0.16,alginate_chitosan_pic_al1ch1_research,0.16,0.00016800000000000002,0.00012017514795854659,0.00034019117987577735,2,0.05806413848507533,0.24556067102746004,25.42366020973156,-0.3603772670859561,-1.528450795311522,2.188878381051088,-2.2309197628381745,-1.5706439362596247,-0.3603776460539515,0.03697636077261587,0.04411477512253677,-0.04628967835584415,0.001062717065378748,0.0009563705869064512,0.036618900126521546,-0.36976360772615835,-0.44114775122536726,0.46289678355844105,-0.01062717065378747,-0.009563705869064503,-0.36618900126521514
283,0.4400967741935484,0.0025,0.1004,-3.141592653589793,1,0,20,0.01,0.16,alginate_chitosan_pic_al1ch1_research,0.16,0.00016800000000000002,0.0009275907244168611,0.00034019117987577735,1,0.05806413848507533,0.24556067102746004,25.52366020973156,-0.3603772670859561,-1.528450795311522,2.188878381051088,-2.2309197628381745,-1.5706439362596247,-0.3603776460539515,0.0,0.0,0.0,0.0,0.0,0.0,0.0,0.0,0.0,0.0,0.0,0.0
284,0.4410967741935484,0.0025,0.1004,-3.141592653589793,1,0,20,0.01,0.16,alginate_chitosan_pic_al1ch1_research,0.16,0.00016800000000000002,0.0019252031160014102,0.00034019117987577735,1,0.05806413848507533,0.24556067102746004,25.62366020973156,-0.3603772670859561,-1.528450795311522,2.188878381051088,-2.2309197628381745,-1.5706439362596247,-0.3603776460539515,0.0,0.0,0.0,0.0,0.0,0.0,0.24656377670308996,0.7098300567260893,-0.751374628495681,0.03801722156002711,-0.0002706087134818342,0.2479804569487705
285,0.4420967741935484,0.0025,0.1004,-3.141592653589793,1,0,20,0.01,0.16,alginate_chitosan_pic_al1ch1_research,0.16,0.00016800000000000002,0.00010796055784043239,0.0003080430180566074,2,0.05879790875740698,0.24584098065559143,25.723660209731563,-0.3579116293189252,-1.5213524947442612,2.181364634766131,-2.2305395906225742,-1.5706466423467595,-0.3578978414844638,0.024656377670309017,0.070983005672609,-0.07513746284956817,0.0038017221560027147,-2.7060871348183445e-05,0.02479804569487707,-0.24656377670308996,-0.7098300567260893,0.751374628495681,-0.03801722156002711,0.0002706087134818342,-0.2479804569487705
286,0.4430967741935484,0.0025,0.1004,-3.141592653589793,1,0,20,0.01,0.16,alginate_chitosan_pic_al1ch1_research,0.16,0.00016800000000000002,0.0009399401280590591,0.0003080430180566074,1,0.05879790875740698,0.24584098065559143,25.823660209731564,-0.3579116293189252,-1.5213524947442612,2.181364634766131,-2.2305395906225742,-1.5706466423467595,-0.3578978414844638,0.0,0.0,0.0,0.0,0.0,0.0,0.0,0.0,0.0,0.0,0.0,0.0
287,0.4440967741935484,0.0025,0.1004,-3.141592653589793,1,0,20,0.01,0.16,alginate_chitosan_pic_al1ch1_research,0.16,0.00016800000000000002,0.0019378646512649297,0.0003080430180566074,1,0.05879790875740698,0.24584098065559143,25.923660209731565,-0.3579116293189252,-1.5213524947442612,2.181364634766131,-2.2305395906225742,-1.5706466423467595,-0.3578978414844638,0.0,0.0,0.0,0.0,0.0,0.0,0.24238415095872745,0.709349196182365,-0.7604434034780458,0.050840395312383414,5.753394154429017e-05,0.24241047968499885
288,0.4450967741935484,0.0025,0.1004,-3.141592653589793,1,0,20,0.01,0.16,alginate_chitosan_pic_al1ch1_research,0.16,0.00016800000000000002,0.00010680063120756458,0.0003061241085246204,2,0.059539266401456584,0.24609547128322548,26.02366020973156,-0.3554877878093381,-1.514259002782438,2.1737602007313512,-2.2300311866694504,-1.570646067007344,-0.355473736687614,0.024238415095872094,0.0709349196182346,-0.07604434034780254,0.005084039531238205,5.7533941544288625e-06,0.024241047968499234,-0.24238415095872745,-0.709349196182365,0.7604434034780458,-0.050840395312383414,-5.753394154429017e-05,-0.24241047968499885
289,0.4460967741935484,0.0025,0.1004,-3.141592653589793,1,0,20,0.01,0.16,alginate_chitosan_pic_al1ch1_research,0.16,0.00016800000000000002,0.000940286657639937,0.0003061241085246204,1,0.059539266401456584,0.24609547128322548,26.12366020973156,-0.3554877878093381,-1.514259002782438,2.1737602007313512,-2.2300311866694504,-1.570646067007344,-0.355473736687614,0.0,0.0,0.0,0.0,0.0,0.0,0.0,0.0,0.0,0.0,0.0,0.0
290,0.4470967741935484,0.0025,0.1004,-3.141592653589793,1,0,20,0.01,0.16,alginate_chitosan_pic_al1ch1_research,0.16,0.00016800000000000002,0.001938265106285783,0.0003061241085246204,1,0.059539266401456584,0.24609547128322548,26.223660209731563,-0.3554877878093381,-1.514259002782438,2.1737602007313512,-2.2300311866694504,-1.570646067007344,-0.355473736687614,0.0,0.0,0.0,0.0,0.0,0.0,0.23907895459955267,0.7055627391278727,-0.763341073023581,0.05765254989702474,6.356233617221806e-05,0.2390786582427469
291,0.4480967741935484,0.0025,0.1004,-3.141592653589793,1,0,20,0.01,0.16,alginate_chitosan_pic_al1ch1_research,0.16,0.00016800000000000002,0.00010605337774130943,0.0003053438524360271,2,0.06028268953817944,0.24632128219064156,26.323660209731564,-0.35309699826334257,-1.5072033753911593,2.1661267900011154,-2.22945466117048,-1.5706454313839824,-0.35308295010518653,0.023907895459955288,0.07055627391278733,-0.07633410730235816,0.005765254989702479,6.356233617221812e-06,0.02390786582427471,-0.23907895459955267,-0.7055627391278727,0.763341073023581,-0.05765254989702474,-6.356233617221806e-05,-0.2390786582427469
292,0.4490967741935484,0.0025,0.1004,-3.141592653589793,1,0,20,0.01,0.16,alginate_chitosan_pic_al1ch1_research,0.16,0.00016800000000000002,0.0009404107576186988,0.0003053438524360271,1,0.06028268953817944,0.24632128219064156,26.423660209731565,-0.35309699826334257,-1.5072033753911593,2.1661267900011154,-2.22945466117048,-1.5706454313839824,-0.35308295010518653,0.0,0.0,0.0,0.0,0.0,0.0,0.0,0.0,0.0,0.0,0.0,0.0
293,0.4500967741935484,0.0025,0.1004,-3.141592653589793,1,0,20,0.01,0.16,alginate_chitosan_pic_al1ch1_research,0.16,0.00016800000000000002,0.0019384265441743241,0.0003053438524360271,1,0.06028268953817944,0.24632128219064156,26.523660209731567,-0.35309699826334257,-1.5072033753911593,2.1661267900011154,-2.22945466117048,-1.5706454313839824,-0.35308295010518653,0.0,0.0,0.0,0.0,0.0,0.0,0.23584553652724563,0.7018313242849615,-0.766036566603344,0.06408207798771481,6.372647616270642e-05,0.2358449155331839
294,0.4510967741935484,0.0025,0.1004,-3.141592653589793,1,0,20,0.01,0.16,alginate_chitosan_pic_al1ch1_research,0.16,0.00016800000000000002,0.0001053212457704436,0.00030459147788565927,2,0.06102790939282833,0.2465187074464439,26.623660209731568,-0.3507385428980701,-1.5001850621483097,2.158466424335082,-2.228813840390603,-1.5706447941192208,-0.3507245009498547,0.023584553652724584,0.07018313242849622,-0.07660365666033446,0.006408207798771486,6.372647616270649e-06,0.02358449155331841,-0.23584553652724563,-0.7018313242849615,0.766036566603344,-0.06408207798771481,-6.372647616270642e-05,-0.2358449155331839
295,0.4520967741935484,0.0025,0.1004,-3.141592653589793,1,0,20,0.01,0.16,alginate_chitosan_pic_al1ch1_research,0.16,0.00016800000000000002,0.0009405422660415449,0.00030459147788565927,1,0.06102790939282833,0.2465187074464439,26.72366020973157,-0.3507385428980701,-1.5001850621483097,2.158466424335082,-2.228813840390603,-1.5706447941192208,-0.3507245009498547,0.0,0.0,0.0,0.0,0.0,0.0,0.0,0.0,0.0,0.0,0.0,0.0
296,0.4530967741935484,0.0025,0.1004,-3.141592653589793,1,0,20,0.01,0.16,alginate_chitosan_pic_al1ch1_research,0.16,0.00016800000000000002,0.0019385940636478009,0.00030459147788565927,1,0.06102790939282833,0.2465187074464439,26.82366020973157,-0.3507385428980701,-1.5001850621483097,2.158466424335082,-2.228813840390603,-1.5706447941192208,-0.3507245009498547,0.0,0.0,0.0,0.0,0.0,0.0,0.23267781926168365,0.6982074422827044,-0.7687253521657209,0.07039254364200596,6.401058871841047e-05,0.23267733133311388
297,0.4540967741935484,0.0025,0.1004,-3.141592653589793,1,0,20,0.01,0.16,alginate_chitosan_pic_al1ch1_research,0.16,0.00016800000000000002,0.00010458950388824504,0.00030382602273733473,2,0.06177481336458941,0.24668816518306508,26.923660209731572,-0.34841176470545326,-1.4932029877254827,2.1507791708134247,-2.228109914954183,-1.5706441540133336,-0.34839772763652355,0.023267781926168386,0.0698207442282705,-0.07687253521657215,0.007039254364200603,6.401058871841053e-06,0.02326773313331141,-0.23267781926168365,-0.6982074422827044,0.7687253521657209,-0.07039254364200596,-6.401058871841047e-05,-0.23267733133311388
298,0.4550967741935484,0.0025,0.1004,-3.141592653589793,1,0,20,0.01,0.16,alginate_chitosan_pic_al1ch1_research,0.16,0.00016800000000000002,0.0009406875226073396,0.00030382602273733473,1,0.06177481336458941,0.24668816518306508,27.023660209731574,-0.34841176470545326,-1.4932029877254827,2.1507791708134247,-2.228109914954183,-1.5706441540133336,-0.34839772763652355,0.0,0.0,0.0,0.0,0.0,0.0,0.0,0.0,0.0,0.0,0.0,0.0
299,0.4560967741935484,0.0025,0.1004,-3.141592653589793,1,0,20,0.01,0.16,alginate_chitosan_pic_al1ch1_research,0.16,0.00016800000000000002,0.001938774630031733,0.00030382602273733473,1,0.06177481336458941,0.24668816518306508,27.123660209731575,-0.34841176470545326,-1.4932029877254827,2.1507791708134247,-2.228109914954183,-1.5706441540133336,-0.34839772763652355,0.0,0.0,0.0,0.0,0.0,0.0,0.22957428409027772,0.6946902013842836,-0.7714155390462261,0.07659761613512103,6.427715772971953e-05,0.22957393781141103
300,0.4570967741935484,0.0025,0.1004,-3.141592653589793,1,0,20,0.01,0.16,alginate_chitosan_pic_al1ch1_research,0.16,0.00016800000000000002,0.00010385749851763483,0.0003030462720252369,2,0.06252329297845594,0.24683010092476504,27.223660209731577,-0.3461160218645505,-1.4862560857116398,2.1430650154229625,-2.2273439387928318,-1.5706435112417563,-0.34610198825840943,0.022957428409027793,0.06946902013842843,-0.07714155390462267,0.00765976161351211,6.427715772971959e-06,0.022957393781141124,-0.22957428409027772,-0.6946902013842836,0.7714155390462261,-0.07659761613512103,-6.427715772971953e-05,-0.22957393781141103
301,0.4580967741935484,0.0025,0.1004,-3.141592653589793,1,0,20,0.01,0.16,alginate_chitosan_pic_al1ch1_research,0.16,0.00016800000000000002,0.0009408464841624227,0.0003030462720252369,1,0.06252329297845594,0.24683010092476504,27.323660209731578,-0.3461160218645505,-1.4862560857116398,2.1430650154229625,-2.2273439387928318,-1.5706435112417563,-0.34610198825840943,0.0,0.0,0.0,0.0,0.0,0.0,0.0,0.0,0.0,0.0,0.0,0.0
302,0.4590967741935484,0.0025,0.1004,-3.141592653589793,1,0,20,0.01,0.16,alginate_chitosan_pic_al1ch1_research,0.16,0.00016800000000000002,0.0019389682394312824,0.0003030462720252369,1,0.06252329297845594,0.24683010092476504,27.42366020973158,-0.3461160218645505,-1.4862560857116398,2.1430650154229625,-2.2273439387928318,-1.5706435112417563,-0.34610198825840943,0.0,0.0,0.0,0.0,0.0,0.0,0.22653320580963102,0.6912773128011184,-0.7741084670487273,0.08270109901919995,6.451292193787582e-05,0.22653300230689413
303,0.4600967741935484,0.0025,0.1004,-3.141592653589793,1,0,20,0.01,0.16,alginate_chitosan_pic_al1ch1_research,0.16,0.00016800000000000002,0.00010312510699451648,0.00030225246044649135,2,0.06327323849228518,0.2469449806766786,27.52366020973158,-0.34385068980645417,-1.4793433125836286,2.135323930752475,-2.2265169278026398,-1.570642866112537,-0.3438366582353405,0.022653320580963122,0.0691277312801119,-0.07741084670487279,0.008270109901920002,6.4512921937875885e-06,0.022653300230689434,-0.22653320580963102,-0.6912773128011184,0.7741084670487273,-0.08270109901919995,-6.451292193787582e-05,-0.22653300230689413
304,0.4610967741935484,0.0025,0.1004,-3.141592653589793,1,0,20,0.01,0.16,alginate_chitosan_pic_al1ch1_research,0.16,0.00016800000000000002,0.0009410188913614689,0.00030225246044649135,1,0.06327323849228518,0.2469449806766786,27.623660209731582,-0.34385068980645417,-1.4793433125836286,2.135323930752475,-2.2265169278026398,-1.570642866112537,-0.3438366582353405,0.0,0.0,0.0,0.0,0.0,0.0,0.0,0.0,0.0,0.0,0.0,0.0
305,0.4620967741935484,0.0025,0.1004,-3.141592653589793,1,0,20,0.01,0.16,alginate_chitosan_pic_al1ch1_research,0.16,0.00016800000000000002,0.0019391746492014867,0.00030225246044649135,1,0.06327323849228518,0.2469449806766786,27.723660209731584,-0.34385068980645417,-1.4793433125836286,2.135323930752475,-2.2265169278026398,-1.570642866112537,-0.3438366582353405,0.0,0.0,0.0,0.0,0.0,0.0,0.0,0.0,0.0,0.0,0.0,0.0
306,0.4620967741935484,0.0025,0.1004,-3.141592653589793,0,0,21,0.05,0.0,alginate_chitosan_pic_al1ch1_research,0.0,0.0,0.0019391746492014867,0.00030225246044649135,1,0.06327323849228518,0.2469449806766786,27.723661806022,-0.34385068980645417,-1.4793433125836286,2.135323930752475,-2.2265169278026398,-1.570642866112537,-0.3438366582353405,0.0,0.0,0.0,0.0,0.0,0.0,7.007770751833455,8.8231243071323,-9.999813240218447,1.2368234876590463,0.01313759819296976,6.9769649355488434
307,0.4620967741935484,0.0035,0.1004,-3.141592653589793,0,0,21,0.05,0.0,alginate_chitosan_pic_al1ch1_research,0.0,0.0,0.00011323855433983735,0.0003318723517482115,2,0.06376570379667286,0.2470035069173245,27.75558791251992,-0.34027908399885626,-1.4748464871119524,2.1302273897398694,-2.225886563866956,-1.5706361703566873,-0.34028075303157884,0.11187101088667376,0.140851045271341,-0.15963553253629162,0.01974446635780692,0.0002097266652288734,0.11137923141343015,-7.007901631251235,-8.823289090686616,10.0,-1.2368465869788863,-0.013137843555049001,-6.977095239627126
308,0.4620967741935484,0.0035,0.1004,-3.141592653589793,1,0,22,0.01,0.0,alginate_chitosan_pic_al1ch1_research,0.0,0.0,0.00011323855433983735,0.0003318723517482115,1,0.06376570379667286,0.2470035069173245,27.75558891252926,-0.34027908399885626,-1.4748464871119524,2.1302273897398694,-2.225886563866956,-1.5706361703566873,-0.34028075303157884,0.0,0.0,0.0,0.0,0.0,0.0,0.0,0.0,0.0,0.0,0.0,0.0
309,0.4610967741935484,0.0035,0.1004,-3.141592653589793,1,0,22,0.01,0.16,alginate_chitosan_pic_al1ch1_research,0.16,0.00016800000000000002,0.0010773944885486037,0.0003318723517482115,1,0.06376570379667286,0.2470035069173245,27.85558891252926,-0.34027908399885626,-1.4748464871119524,2.1302273897398694,-2.225886563866956,-1.5706361703566873,-0.34028075303157884,0.0,0.0,0.0,0.0,0.0,0.0,-0.13534072375241377,-0.4384297075803892,0.49024998463282815,-0.039652252477928515,-0.008571227081533002,-0.13218303030738096
310,0.4600967741935484,0.0035,0.1004,-3.141592653589793,1,0,22,0.01,0.16,alginate_chitosan_pic_al1ch1_research,0.16,0.00016800000000000002,0.00016755080570871525,0.0004200790339063872,2,0.06329046579334947,0.24694140670481526,27.95558891252926,-0.3416324912363804,-1.4792307841877563,2.1351298895861976,-2.226283086391735,-1.5707218826275027,-0.34160258333465265,-0.01353407237524139,-0.04384297075803896,0.04902499846328286,-0.003965225247792855,-0.000857122708153301,-0.013218303030738109,0.13534072375241377,0.4384297075803892,-0.49024998463282815,0.039652252477928515,0.008571227081533002,0.13218303030738096
311,0.4590967741935484,0.0035,0.1004,-3.141592653589793,1,0,22,0.01,0.16,alginate_chitosan_pic_al1ch1_research,0.16,0.00016800000000000002,0.001144378011936109,0.0004200790339063872,1,0.06329046579334947,0.24694140670481526,28.055588912529263,-0.3416324912363804,-1.4792307841877563,2.1351298895861976,-2.226283086391735,-1.5707218826275027,-0.34160258333465265,0.0,0.0,0.0,0.0,0.0,0.0,-0.1491365296730937,-0.4598841437130288,0.5156589981524008,-0.055290626895665336,-0.0004543869449369345,-0.1489957194905575
312,0.4580967741935484,0.0035,0.1004,-3.141592653589793,1,0,22,0.01,0.16,alginate_chitosan_pic_al1ch1_research,0.16,0.00016800000000000002,0.00016963574302971595,0.0004241621723986781,2,0.06279102462892575,0.24686807563225424,28.155588912529264,-0.34312385653311134,-1.4838296256248866,2.1402864795677217,-2.2268359926606918,-1.570726426496952,-0.34309254052955823,-0.014913652967309385,-0.045988414371302924,0.05156589981524013,-0.005529062689566539,-4.543869449369349e-05,-0.014899571949055765,0.1491365296730937,0.4598841437130288,-0.5156589981524008,0.055290626895665336,0.0004543869449369345,0.1489957194905575
313,0.4570967741935484,0.0035,0.1004,-3.141592653589793,1,0,22,0.01,0.16,alginate_chitosan_pic_al1ch1_research,0.16,0.00016800000000000002,0.0011463907572593919,0.0004241621723986781,1,0.06279102462892575,0.24686807563225424,28.255588912529266,-0.34312385653311134,-1.4838296256248866,2.1402864795677217,-2.2268359926606918,-1.570726426496952,-0.34309254052955823,0.0,0.0,0.0,0.0,0.0,0.0,-0.15097048456927914,-0.46193711423743095,0.5153225460401414,-0.053381677533481574,-0.00012196202343606168,-0.1509364811940636
314,0.4560967741935484,0.0035,0.1004,-3.141592653589793,1,0,22,0.01,0.16,alginate_chitosan_pic_al1ch1_research,0.16,0.00016800000000000002,0.0001700158984296719,0.00042402507588666785,2,0.06229143911892247,0.24678281503841087,28.355588912529267,-0.34463356137880413,-1.488448996767261,2.145439705028123,-2.2273698094360266,-1.5707276461171864,-0.34460190534149887,-0.015097048456927928,-0.046193711423743136,0.05153225460401418,-0.005338167753348162,-1.2196202343606178e-05,-0.015093648119406375,0.15097048456927914,0.46193711423743095,-0.5153225460401414,0.053381677533481574,0.00012196202343606168,0.1509364811940636
315,0.4550967741935484,0.0035,0.1004,-3.141592653589793,1,0,22,0.01,0.16,alginate_chitosan_pic_al1ch1_research,0.16,0.00016800000000000002,0.0011466928226867158,0.00042402507588666785,1,0.06229143911892247,0.24678281503841087,28.45558891252927,-0.34463356137880413,-1.488448996767261,2.145439705028123,-2.2273698094360266,-1.5707276461171864,-0.34460190534149887,0.0,0.0,0.0,0.0,0.0,0.0,-0.1523389843067488,-0.46348217066987024,0.5141550249593054,-0.05068734116342446,-0.00011044054291087215,-0.15230919305353446
316,0.4540967741935484,0.0035,0.1004,-3.141592653589793,1,0,22,0.01,0.16,alginate_chitosan_pic_al1ch1_research,0.16,0.00016800000000000002,0.00017033791167936758,0.0004237273426003317,2,0.06179249522222284,0.24668545621937932,28.55558891252927,-0.3461569512218716,-1.4930838184739597,2.150581255277716,-2.227876682847661,-1.5707287505226155,-0.3461249972720342,-0.015233898430674894,-0.046348217066987066,0.05141550249593058,-0.0050687341163424505,-1.1044054291087225e-05,-0.01523091930535346,0.1523389843067488,0.46348217066987024,-0.5141550249593054,0.05068734116342446,0.00011044054291087215,0.15230919305353446
317,0.4530967741935484,0.0035,0.1004,-3.141592653589793,1,0,22,0.01,0.16,alginate_chitosan_pic_al1ch1_research,0.16,0.00016800000000000002,0.0011469429925308405,0.0004237273426003317,1,0.06179249522222284,0.24668545621937932,28.65558891252927,-0.3461569512218716,-1.4930838184739597,2.150581255277716,-2.227876682847661,-1.5707287505226155,-0.3461249972720342,0.0,0.0,0.0,0.0,0.0,0.0,-0.15370762601017413,-0.4650416130221871,0.5129585318276666,-0.04793287254827297,-0.0001113805817132272,-0.15367775448415472
318,0.4520967741935484,0.0035,0.1004,-3.141592653589793,1,0,22,0.01,0.16,alginate_chitosan_pic_al1ch1_research,0.16,0.00016800000000000002,0.00017066148266256225,0.0004234166810647463,2,0.0612942516581582,0.2465758610022958,28.755588912529273,-0.34769402748197337,-1.4977342346041815,2.155710840595993,-2.2283560115731436,-1.5707298643284326,-0.34766177481687577,-0.015370762601017426,-0.04650416130221875,0.0512958531827667,-0.004793287254827301,-1.113805817132273e-05,-0.015367775448415485,0.15370762601017413,0.4650416130221871,-0.5129585318276666,0.04793287254827297,0.0001113805817132272,0.15367775448415472
319,0.4510967741935484,0.0035,0.1004,-3.141592653589793,1,0,22,0.01,0.16,alginate_chitosan_pic_al1ch1_research,0.16,0.00016800000000000002,0.001147195815727362,0.0004234166810647463,1,0.0612942516581582,0.2465758610022958,28.855588912529274,-0.34769402748197337,-1.4977342346041815,2.155710840595993,-2.2283560115731436,-1.5707298643284326,-0.34766177481687577,0.0,0.0,0.0,0.0,0.0,0.0,-0.1550943080917186,-0.4666318800118355,0.5117614902321757,-0.045146417447927606,-0.00011281847211996856,-0.15506418448520937
320,0.4500967741935484,0.0035,0.1004,-3.141592653589793,1,0,22,0.01,0.16,alginate_chitosan_pic_al1ch1_research,0.16,0.00016800000000000002,0.00017098893677401267,0.00042309856054405714,2,0.06079674159188589,0.2464538960164449,28.955588912529276,-0.34924497056289056,-1.5024005534043,2.1608284554983146,-2.228807475747623,-1.5707309925131538,-0.34921241666172786,-0.015509430809171873,-0.04666318800118359,0.051176149023217606,-0.004514641744792765,-1.1281847211996866e-05,-0.01550641844852095,0.1550943080917186,0.4666318800118355,-0.5117614902321757,0.045146417447927606,0.00011281847211996856,0.15506418448520937
321,0.4490967741935484,0.0035,0.1004,-3.141592653589793,1,0,22,0.01,0.16,alginate_chitosan_pic_al1ch1_research,0.16,0.00016800000000000002,0.0011474533514697662,0.00042309856054405714,1,0.06079674159188589,0.2464538960164449,29.055588912529277,-0.34924497056289056,-1.5024005534043,2.1608284554983146,-2.228807475747623,-1.5707309925131538,-0.34921241666172786,0.0,0.0,0.0,0.0,0.0,0.0,-0.15650003451163047,-0.46825397703342736,0.5105647416367534,-0.042328411916647754,-0.00011430398507705754,-0.15646964985423478
322,0.4480967741935484,0.0035,0.1004,-3.141592653589793,1,0,22,0.01,0.16,alginate_chitosan_pic_al1ch1_research,0.16,0.00016800000000000002,0.0001713204666891796,0.0004227731615569631,2,0.060299996981655765,0.2463194324465083,29.15558891252928,-0.35080997090800686,-1.5070830931746342,2.165934102914682,-2.2292307598667893,-1.5707321355530046,-0.3507771131602702,-0.01565000345116306,-0.04682539770334278,0.051056474163675376,-0.004232841191664779,-1.1430398507705764e-05,-0.015646964985423492,0.15650003451163047,0.46825397703342736,-0.5105647416367534,0.042328411916647754,0.00011430398507705754,0.15646964985423478
323,0.4470967741935484,0.0035,0.1004,-3.141592653589793,1,0,22,0.01,0.16,alginate_chitosan_pic_al1ch1_research,0.16,0.00016800000000000002,0.0011477158145054176,0.0004227731615569631,1,0.060299996981655765,0.2463194324465083,29.25558891252928,-0.35080997090800686,-1.5070830931746342,2.165934102914682,-2.2292307598667893,-1.5707321355530046,-0.3507771131602702,0.0,0.0,0.0,0.0,0.0,0.0,-0.15792518531433902,-0.46990840378788784,0.5093681074968872,-0.03947820022354158,-0.00011582108943031224,-0.15789453685914306
324,0.4460967741935484,0.0035,0.1004,-3.141592653589793,1,0,22,0.01,0.16,alginate_chitosan_pic_al1ch1_research,0.16,0.00016800000000000002,0.00017165618949654683,0.0004224404691843527,2,0.059804049466447004,0.24617234656080844,29.35558891252928,-0.35238922276115026,-1.511782177212513,2.171027783989651,-2.2296255418690247,-1.570733293763899,-0.35235605852886165,-0.015792518531433916,-0.046990840378788826,0.05093681074968876,-0.003947820022354161,-1.1582108943031234e-05,-0.01578945368591432,0.15792518531433902,0.46990840378788784,-0.5093681074968872,0.03947820022354158,0.00011582108943031224,0.15789453685914306
325,0.4450967741935484,0.0035,0.1004,-3.141592653589793,1,0,22,0.01,0.16,alginate_chitosan_pic_al1ch1_research,0.16,0.00016800000000000002,0.0011479833575934184,0.0004224404691843527,1,0.059804049466447004,0.24617234656080844,29.455588912529283,-0.35238922276115026,-1.511782177212513,2.171027783989651,-2.2296255418690247,-1.570733293763899,-0.35235605852886165,0.0,0.0,0.0,0.0,0.0,0.0,-0.15937012525886385,-0.47159565317020324,0.5081713687843129,-0.03659507120348536,-0.00011737008267510408,-0.15933921050033295
326,0.4440967741935484,0.0035,0.1004,-3.141592653589793,1,0,22,0.01,0.16,alginate_chitosan_pic_al1ch1_research,0.16,0.00016800000000000002,0.00017199622429244632,0.00042210046585787437,2,0.05930893040169177,0.24601252025657813,29.555588912529277,-0.35398292401373876,-1.5164981337442147,2.1761094976774937,-2.2299914925810596,-1.5707344674647257,-0.35394945063386485,-0.015937012525885957,-0.04715956531701906,0.050817136878429925,-0.0036595071203484376,-1.1737008267510093e-05,-0.015933921050032867,0.15937012525886385,0.47159565317020324,-0.5081713687843129,0.03659507120348536,0.00011737008267510408,0.15933921050033295
327,0.4430967741935484,0.0035,0.1004,-3.141592653589793,1,0,22,0.01,0.16,alginate_chitosan_pic_al1ch1_research,0.16,0.00016800000000000002,0.0011482561367559473,0.00042210046585787437,1,0.05930893040169177,0.24601252025657813,29.65558891252928,-0.35398292401373876,-1.5164981337442147,2.1761094976774937,-2.2299914925810596,-1.5707344674647257,-0.35394945063386485,0.0,0.0,0.0,0.0,0.0,0.0,-0.1608352268695487,-0.47331622917581223,0.5069743025615461,-0.033678297847750054,-0.00011895191056598955,-0.16080404331913462
328,0.4420967741935484,0.0035,0.1004,-3.141592653589793,1,0,22,0.01,0.16,alginate_chitosan_pic_al1ch1_research,0.16,0.00016800000000000002,0.00017234069534213464,0.00042175313900546515,2,0.05881467086328292,0.24583984160730665,29.75558891252928,-0.35559127628243425,-1.5212312960359728,2.181179240703109,-2.230328275559537,-1.5707356569838313,-0.3555574910670562,-0.016083522686954885,-0.047331622917581265,0.050697430256154655,-0.0033678297847750086,-1.1895191056598965e-05,-0.016080404331913475,0.1608352268695487,0.47331622917581223,-0.5069743025615461,0.033678297847750054,0.00011895191056598955,0.16080404331913462
329,0.4410967741935484,0.0035,0.1004,-3.141592653589793,1,0,22,0.01,0.16,alginate_chitosan_pic_al1ch1_research,0.16,0.00016800000000000002,0.0011485343139254237,0.00042175313900546515,1,0.05881467086328292,0.24583984160730665,29.85558891252928,-0.35559127628243425,-1.5212312960359728,2.181179240703109,-2.230328275559537,-1.5707356569838313,-0.3555574910670562,0.0,0.0,0.0,0.0,0.0,0.0,-0.16232087154739422,-0.4750706477921743,0.505776683242364,-0.0307271384633267,-0.00012056757845435564,-0.1622894167268238
330,0.4400967741935484,0.0035,0.1004,-3.141592653589793,1,0,22,0.01,0.16,alginate_chitosan_pic_al1ch1_research,0.16,0.00016800000000000002,0.00017268973242895767,0.0004213984816924899,2,0.05832130165032662,0.24565420540737168,29.955588912529283,-0.3572144849979082,-1.5259820025138946,2.186237007535533,-2.2306355469441703,-1.5707368626596159,-0.35718038523432444,-0.016232087154739436,-0.04750706477921747,0.05057766832423645,-0.0030727138463326727,-1.2056757845435574e-05,-0.016228941672682393,0.16232087154739422,0.4750706477921743,-0.505776683242364,0.0307271384633267,0.00012056757845435564,0.1622894167268238
331,0.4390967741935484,0.0035,0.1004,-3.141592653589793,1,0,22,0.01,0.16,alginate_chitosan_pic_al1ch1_research,0.16,0.00016800000000000002,0.0011488180572677747,0.0004213984816924899,1,0.05832130165032662,0.24565420540737168,30.055588912529284,-0.3572144849979082,-1.5259820025138946,2.186237007535533,-2.2306355469441703,-1.5707368626596159,-0.35718038523432444,0.0,0.0,0.0,0.0,0.0,0.0,-0.16382744986260772,-0.4768594372738458,0.5045782825148661,-0.027740836350931223,-0.00012221813054935616,-0.16379572130548165
332,0.4380967741935484,0.0035,0.1004,-3.141592653589793,1,0,22,0.01,0.16,alginate_chitosan_pic_al1ch1_research,0.16,0.00016800000000000002,0.00017304347111623367,0.00042103649301164823,2,0.05782885328778615,0.2454555137063745,30.155588912529286,-0.3588527594965343,-1.530750596886633,2.1912827903606815,-2.2309129553076796,-1.5707380848409214,-0.35881834244737926,-0.016382744986260786,-0.04768594372738462,0.05045782825148666,-0.002774083635093125,-1.2221813054935627e-05,-0.01637957213054818,0.16382744986260772,0.4768594372738458,-0.5045782825148661,0.027740836350931223,0.00012221813054935616,0.16379572130548165
333,0.4370967741935484,0.0035,0.1004,-3.141592653589793,1,0,22,0.01,0.16,alginate_chitosan_pic_al1ch1_research,0.16,0.00016800000000000002,0.0011491075414338072,0.00042103649301164823,1,0.05782885328778615,0.2454555137063745,30.255588912529287,-0.3588527594965343,-1.530750596886633,2.1912827903606815,-2.2309129553076796,-1.5707380848409214,-0.35881834244737926,0.0,0.0,0.0,0.0,0.0,0.0,0.0,0.0,0.0,0.0,0.0,0.0
334,0.4370967741935484,0.0035,0.1004,-3.141592653589793,0,0,23,0.05,0.0,alginate_chitosan_pic_al1ch1_research,0.0,0.0,0.0011491075414338072,0.00042103649301164823,1,0.05782885328778615,0.2454555137063745,30.255589912529288,-0.3588527594965343,-1.530750596886633,2.1912827903606815,-2.2309129553076796,-1.5707380848409214,-0.35881834244737926,0.0,0.0,0.0,0.0,0.0,0.0,0.0,0.0,0.0,0.0,0.0,0.0
335,0.4370967741935484,0.0045,0.1004,-3.141592653589793,0,0,23,0.05,0.0,alginate_chitosan_pic_al1ch1_research,0.0,0.0,0.0015011282589531105,0.00042103649301164823,1,0.05782885328778615,0.2454555137063745,30.275589912529288,-0.3588527594965343,-1.530750596886633,2.1912827903606815,-2.2309129553076796,-1.5707380848409214,-0.35881834244737926,0.0,0.0,0.0,0.0,0.0,0.0,0.0,0.0,0.0,0.0,0.0,0.0
336,0.4370967741935484,0.0045,0.1004,-3.141592653589793,1,0,24,0.01,0.0,alginate_chitosan_pic_al1ch1_research,0.0,0.0,0.0015011282589531105,0.00042103649301164823,1,0.05782885328778615,0.2454555137063745,30.27559091252929,-0.3588527594965343,-1.530750596886633,2.1912827903606815,-2.2309129553076796,-1.5707380848409214,-0.35881834244737926,0.0,0.0,0.0,0.0,0.0,0.0,0.0,0.0,0.0,0.0,0.0,0.0
337,0.4380967741935484,0.0045,0.1004,-3.141592653589793,1,0,24,0.01,0.16,alginate_chitosan_pic_al1ch1_research,0.16,0.00016800000000000002,0.0009812654844350243,0.00042103649301164823,1,0.05782885328778615,0.2454555137063745,30.37559091252929,-0.3588527594965343,-1.530750596886633,2.1912827903606815,-2.2309129553076796,-1.5707380848409214,-0.35881834244737926,0.0,0.0,0.0,0.0,0.0,0.0,0.0,0.0,0.0,0.0,0.0,0.0
338,0.4390967741935484,0.0045,0.1004,-3.141592653589793,1,0,24,0.01,0.16,alginate_chitosan_pic_al1ch1_research,0.16,0.00016800000000000002,0.0012932044896532843,0.00042103649301164823,1,0.05782885328778615,0.2454555137063745,30.47559091252929,-0.3588527594965343,-1.530750596886633,2.1912827903606815,-2.2309129553076796,-1.5707380848409214,-0.35881834244737926,0.0,0.0,0.0,0.0,0.0,0.0,0.3672420869753994,0.44166472207305324,-0.46465052961148695,0.01181481919996228,0.009490777984155745,0.36371358519742203
339,0.4400967741935484,0.0045,0.1004,-3.141592653589793,1,0,24,0.01,0.16,alginate_chitosan_pic_al1ch1_research,0.16,0.00016800000000000002,0.00011985715324358594,0.0003402696902751816,2,0.058282951539738885,0.24564043086358464,30.575590912529293,-0.3551803386267803,-1.5263339496659025,2.1866362850645666,-2.23079480711568,-1.5706431770610798,-0.35518120659540503,0.03672420869753997,0.044166472207305366,-0.04646505296114874,0.001181481919996229,0.0009490777984155754,0.036371358519742235,-0.3672420869753994,-0.44166472207305324,0.46465052961148695,-0.01181481919996228,-0.009490777984155745,-0.36371358519742203
340,0.4410967741935484,0.0045,0.1004,-3.141592653589793,1,0,24,0.01,0.16,alginate_chitosan_pic_al1ch1_research,0.16,0.00016800000000000002,0.0009278046046244462,0.0003402696902751816,1,0.058282951539738885,0.24564043086358464,30.675590912529294,-0.3551803386267803,-1.5263339496659025,2.1866362850645666,-2.23079480711568,-1.5706431770610798,-0.35518120659540503,0.0,0.0,0.0,0.0,0.0,0.0,0.0,0.0,0.0,0.0,0.0,0.0
341,0.4420967741935484,0.0045,0.1004,-3.141592653589793,1,0,24,0.01,0.16,alginate_chitosan_pic_al1ch1_research,0.16,0.00016800000000000002,0.00192542905128727,0.0003402696902751816,1,0.058282951539738885,0.24564043086358464,30.775590912529296,-0.3551803386267803,-1.5263339496659025,2.1866362850645666,-2.23079480711568,-1.5706431770610798,-0.35518120659540503,0.0,0.0,0.0,0.0,0.0,0.0,0.2426572060863215,0.7088438624389668,-0.7523704749200264,0.04000043687373271,-0.00029022466965233863,0.24408721492880606
342,0.4430967741935484,0.0045,0.1004,-3.141592653589793,1,0,24,0.01,0.16,alginate_chitosan_pic_al1ch1_research,0.16,0.00016800000000000002,0.0001076352063932426,0.0003080546115062517,2,0.05901752017138751,0.245912302079405,30.875590912529297,-0.35275376656591706,-1.5192455110415128,2.1791125803153664,-2.2303948027469427,-1.5706460793077763,-0.35274033444611697,0.02426572060863217,0.07088438624389674,-0.0752370474920027,0.004000043687373275,-2.902246696523389e-05,0.024408721492880626,-0.2426572060863215,-0.7088438624389668,0.7523704749200264,-0.04000043687373271,0.00029022466965233863,-0.24408721492880606
343,0.4440967741935484,0.0045,0.1004,-3.141592653589793,1,0,24,0.01,0.16,alginate_chitosan_pic_al1ch1_research,0.16,0.00016800000000000002,0.000940142183898571,0.0003080546115062517,1,0.05901752017138751,0.245912302079405,30.9755909125293,-0.35275376656591706,-1.5192455110415128,2.1791125803153664,-2.2303948027469427,-1.5706460793077763,-0.35274033444611697,0.0,0.0,0.0,0.0,0.0,0.0,0.0,0.0,0.0,0.0,0.0,0.0
344,0.4450967741935484,0.0045,0.1004,-3.141592653589793,1,0,24,0.01,0.16,alginate_chitosan_pic_al1ch1_research,0.16,0.00016800000000000002,0.0019380787688418708,0.0003080546115062517,1,0.05901752017138751,0.245912302079405,31.075590912529293,-0.35275376656591706,-1.5192455110415128,2.1791125803153664,-2.2303948027469427,-1.5706460793077763,-0.35274033444611697,0.0,0.0,0.0,0.0,0.0,0.0,0.23852473514599024,0.7083701779846369,-0.7614266962862912,0.052801802223802194,5.714007536017511e-05,0.23855135994742047
345,0.4460967741935484,0.0045,0.1004,-3.141592653589793,1,0,24,0.01,0.16,alginate_chitosan_pic_al1ch1_research,0.16,0.00016800000000000002,0.00010647627396786066,0.00030612920724268925,2,0.05975963216301761,0.24615837582997907,31.175590912529294,-0.3503685192144572,-1.5121618092616667,2.1714983133525037,-2.2298667847247047,-1.5706455079070227,-0.3503548208466428,0.023852473514598384,0.07083701779846178,-0.07614266962862708,0.005280180222380078,5.7140075360173575e-06,0.023855135994741407,-0.23852473514598363,-0.7083701779846172,0.7614266962862701,-0.05280180222380073,-5.7140075360173524e-05,-0.23855135994741386
346,0.4470967741935484,0.0045,0.1004,-3.141592653589793,1,0,24,0.01,0.16,alginate_chitosan_pic_al1ch1_research,0.16,0.00016800000000000002,0.0009404912811692307,0.00030612920724268925,1,0.05975963216301761,0.24615837582997907,31.275590912529296,-0.3503685192144572,-1.5121618092616667,2.1714983133525037,-2.2298667847247047,-1.5706455079070227,-0.3503548208466428,0.0,0.0,0.0,0.0,0.0,0.0,0.0,0.0,0.0,0.0,0.0,0.0
347,0.4480967741935484,0.0045,0.1004,-3.141592653589793,1,0,24,0.01,0.16,alginate_chitosan_pic_al1ch1_research,0.16,0.00016800000000000002,0.0019384814941063033,0.00030612920724268925,1,0.05975963216301761,0.24615837582997907,31.375590912529297,-0.3503685192144572,-1.5121618092616667,2.1714983133525037,-2.2298667847247047,-1.5706455079070227,-0.3503548208466428,0.0,0.0,0.0,0.0,0.0,0.0,0.23527588763074217,0.7046130345517363,-0.7643229512563452,0.05958326393153957,6.340680738237113e-05,0.23527566252719526
348,0.4490967741935484,0.0045,0.1004,-3.141592653589793,1,0,24,0.01,0.16,alginate_chitosan_pic_al1ch1_research,0.16,0.00016800000000000002,0.00010572998200320372,0.00030534306082055846,2,0.06050377709299812,0.2463758672658978,31.4755909125293,-0.3480157603381498,-1.5051156789161493,2.16385508383994,-2.2292709520853893,-1.570644873838949,-0.34800206422137087,0.023527588763074238,0.0704613034551737,-0.07643229512563458,0.005958326393153962,6.34068073823712e-06,0.023527566252719546,-0.23527588763074217,-0.7046130345517363,0.7643229512563452,-0.05958326393153957,-6.340680738237113e-05,-0.23527566252719526
349,0.4500967741935484,0.0045,0.1004,-3.141592653589793,1,0,24,0.01,0.16,alginate_chitosan_pic_al1ch1_research,0.16,0.00016800000000000002,0.0009406172175917639,0.00030534306082055846,1,0.06050377709299812,0.2463758672658978,31.5755909125293,-0.3480157603381498,-1.5051156789161493,2.16385508383994,-2.2292709520853893,-1.570644873838949,-0.34800206422137087,0.0,0.0,0.0,0.0,0.0,0.0,0.0,0.0,0.0,0.0,0.0,0.0
350,0.4510967741935484,0.0045,0.1004,-3.141592653589793,1,0,24,0.01,0.16,alginate_chitosan_pic_al1ch1_research,0.16,0.00016800000000000002,0.0019386445447698115,0.00030534306082055846,1,0.06050377709299812,0.2463758672658978,31.6755909125293,-0.3480157603381498,-1.5051156789161493,2.16385508383994,-2.2292709520853893,-1.570644873838949,-0.34800206422137087,0.0,0.0,0.0,0.0,0.0,0.0,0.23209774268272934,0.7009103109466551,-0.7670173942128753,0.0659830661213333,6.356059414347458e-05,0.23209719135703313
351,0.4520967741935484,0.0045,0.1004,-3.141592653589793,1,0,24,0.01,0.16,alginate_chitosan_pic_al1ch1_research,0.16,0.00016800000000000002,0.00010499878056375068,0.0003045848975845293,2,0.061249685691386474,0.24656508188751758,31.775590912529303,-0.3456947829113225,-1.4981065758066827,2.1561849098978114,-2.228611121424176,-1.5706442382330075,-0.34568109230780053,0.023209774268272955,0.07009103109466558,-0.07670173942128759,0.006598306612133336,6.356059414347464e-06,0.023209719135703334,-0.23209774268272934,-0.7009103109466551,0.7670173942128753,-0.0659830661213333,-6.356059414347458e-05,-0.23209719135703313
352,0.4530967741935484,0.0045,0.1004,-3.141592653589793,1,0,24,0.01,0.16,alginate_chitosan_pic_al1ch1_research,0.16,0.00016800000000000002,0.0009407504745966443,0.0003045848975845293,1,0.061249685691386474,0.24656508188751758,31.875590912529304,-0.3456947829113225,-1.4981065758066827,2.1561849098978114,-2.228611121424176,-1.5706442382330075,-0.34568109230780053,0.0,0.0,0.0,0.0,0.0,0.0,0.0,0.0,0.0,0.0,0.0,0.0
353,0.4540967741935484,0.0045,0.1004,-3.141592653589793,1,0,24,0.01,0.16,alginate_chitosan_pic_al1ch1_research,0.16,0.00016800000000000002,0.0019388135977931843,0.0003045848975845293,1,0.061249685691386474,0.24656508188751758,31.975590912529306,-0.3456947829113225,-1.4981065758066827,2.1561849098978114,-2.228611121424176,-1.5706442382330075,-0.34568109230780053,0.0,0.0,0.0,0.0,0.0,0.0,0.22898410947210193,0.6973145298635895,-0.7697054655945821,0.07226472772550162,6.383590414049666e-05,0.22898369391155485
354,0.4550967741935484,0.0045,0.1004,-3.141592653589793,1,0,24,0.01,0.16,alginate_chitosan_pic_al1ch1_research,0.16,0.00016800000000000002,0.00010426792729994406,0.00030381376587460695,2,0.061997244867920964,0.24672644593958626,32.07559091252931,-0.34340494181660147,-1.4911334305080468,2.1484878552418656,-2.227888474146921,-1.570643599873966,-0.343391255368685,0.022898410947210214,0.06973145298635902,-0.07697054655945827,0.007226472772550168,6.383590414049672e-06,0.022898369391155506,-0.22898410947210193,-0.6973145298635895,0.7697054655945821,-0.07226472772550162,-6.383590414049666e-05,-0.22898369391155485
355,0.4560967741935484,0.0045,0.1004,-3.141592653589793,1,0,24,0.01,0.16,alginate_chitosan_pic_al1ch1_research,0.16,0.00016800000000000002,0.0009408974467434505,0.00030381376587460695,1,0.061997244867920964,0.24672644593958626,32.17559091252931,-0.34340494181660147,-1.4911334305080468,2.1484878552418656,-2.227888474146921,-1.570643599873966,-0.343391255368685,0.0,0.0,0.0,0.0,0.0,0.0,0.0,0.0,0.0,0.0,0.0,0.0
356,0.4570967741935484,0.0045,0.1004,-3.141592653589793,1,0,24,0.01,0.16,alginate_chitosan_pic_al1ch1_research,0.16,0.00016800000000000002,0.0019389956704214855,0.00030381376587460695,1,0.061997244867920964,0.24672644593958626,32.27559091252931,-0.34340494181660147,-1.4911334305080468,2.1484878552418656,-2.227888474146921,-1.570643599873966,-0.343391255368685,0.0,0.0,0.0,0.0,0.0,0.0,0.22593350395909664,0.6938248317338124,-0.7723952811465193,0.07844189603236615,6.409465180823292e-05,0.22593323275518176
357,0.4580967741935484,0.0045,0.1004,-3.141592653589793,1,0,24,0.01,0.16,alginate_chitosan_pic_al1ch1_research,0.16,0.00016800000000000002,0.00010353676701804801,0.0003030284470235237,2,0.06274634566318908,0.24686041179952686,32.37559091252931,-0.3411456067770105,-1.4841951821907087,2.1407639024304004,-2.2271040551865973,-1.570642958927448,-0.34113192304113316,0.022593350395909685,0.0693824831733813,-0.077239528114652,0.007844189603236622,6.409465180823298e-06,0.022593323275518197,-0.22593350395909664,-0.6938248317338124,0.7723952811465193,-0.07844189603236615,-6.409465180823292e-05,-0.22593323275518176
358,0.4590967741935484,0.0045,0.1004,-3.141592653589793,1,0,24,0.01,0.16,alginate_chitosan_pic_al1ch1_research,0.16,0.00016800000000000002,0.0009410580972635061,0.0003030284470235237,1,0.06274634566318908,0.24686041179952686,32.47559091252931,-0.3411456067770105,-1.4841951821907087,2.1407639024304004,-2.2271040551865973,-1.570642958927448,-0.34113192304113316,0.0,0.0,0.0,0.0,0.0,0.0,0.0,0.0,0.0,0.0,0.0,0.0
359,0.4600967741935484,0.0045,0.1004,-3.141592653589793,1,0,24,0.01,0.16,alginate_chitosan_pic_al1ch1_research,0.16,0.00016800000000000002,0.0019391907649135179,0.0003030284470235237,1,0.06274634566318908,0.24686041179952686,32.575590912529314,-0.3411456067770105,-1.4841951821907087,2.1407639024304004,-2.2271040551865973,-1.570642958927448,-0.34113192304113316,0.0,0.0,0.0,0.0,0.0,0.0,0.22294423369651442,0.6904389475611993,-0.7750881773829197,0.08451835185447884,6.432329962002813e-05,0.22294410790995547
360,0.4610967741935484,0.0045,0.1004,-3.141592653589793,1,0,24,0.01,0.16,alginate_chitosan_pic_al1ch1_research,0.16,0.00016800000000000002,0.0001028051764243327,0.000302229171853986,2,0.06349687784454322,0.24696745116977106,32.675590912529316,-0.33891616444004535,-1.4772907927150967,2.133013020656571,-2.2262588716680525,-1.5706423156944518,-0.3389024819620336,0.022294423369651463,0.06904389475612,-0.07750881773829203,0.008451835185447891,6.432329962002819e-06,0.02229441079099557,-0.22294423369651442,-0.6904389475611993,0.7750881773829197,-0.08451835185447884,-6.432329962002813e-05,-0.22294410790995547
361,0.4620967741935484,0.0045,0.1004,-3.141592653589793,1,0,24,0.01,0.16,alginate_chitosan_pic_al1ch1_research,0.16,0.00016800000000000002,0.0009412321706964522,0.000302229171853986,1,0.06349687784454322,0.24696745116977106,32.77559091252932,-0.33891616444004535,-1.4772907927150967,2.133013020656571,-2.2262588716680525,-1.5706423156944518,-0.3389024819620336,0.0,0.0,0.0,0.0,0.0,0.0,0.0,0.0,0.0,0.0,0.0,0.0
362,0.4620967741935484,0.0045,0.1004,-3.141592653589793,0,0,25,0.05,0.0,alginate_chitosan_pic_al1ch1_research,0.0,0.0,0.0009412321706964522,0.000302229171853986,1,0.06349687784454322,0.24696745116977106,32.775591912529315,-0.33891616444004535,-1.4772907927150967,2.133013020656571,-2.2262588716680525,-1.5706423156944518,-0.3389024819620336,0.0,0.0,0.0,0.0,0.0,0.0,0.0,0.0,0.0,0.0,0.0,0.0
363,0.4620967741935484,0.0055,0.1004,-3.141592653589793,0,0,25,0.05,0.0,alginate_chitosan_pic_al1ch1_research,0.0,0.0,0.001359408630222416,0.000302229171853986,1,0.06349687784454322,0.24696745116977106,32.79559191252932,-0.33891616444004535,-1.4772907927150967,2.133013020656571,-2.2262588716680525,-1.5706423156944518,-0.3389024819620336,0.0,0.0,0.0,0.0,0.0,0.0,0.0,0.0,0.0,0.0,0.0,0.0
364,0.4620967741935484,0.0055,0.1004,-3.141592653589793,1,0,26,0.01,0.0,alginate_chitosan_pic_al1ch1_research,0.0,0.0,0.001359408630222416,0.000302229171853986,1,0.06349687784454322,0.24696745116977106,32.795592912529315,-0.33891616444004535,-1.4772907927150967,2.133013020656571,-2.2262588716680525,-1.5706423156944518,-0.3389024819620336,0.0,0.0,0.0,0.0,0.0,0.0,0.0,0.0,0.0,0.0,0.0,0.0
365,0.4610967741935484,0.0055,0.1004,-3.141592653589793,1,0,26,0.01,0.16,alginate_chitosan_pic_al1ch1_research,0.16,0.00016800000000000002,0.000986226510021338,0.000302229171853986,1,0.06349687784454322,0.24696745116977106,32.89559291252932,-0.33891616444004535,-1.4772907927150967,2.133013020656571,-2.2262588716680525,-1.5706423156944518,-0.3389024819620336,0.0,0.0,0.0,0.0,0.0,0.0,0.0,0.0,0.0,0.0,0.0,0.0
366,0.4600967741935484,0.0055,0.1004,-3.141592653589793,1,0,26,0.01,0.16,alginate_chitosan_pic_al1ch1_research,0.16,0.00016800000000000002,0.001448203588662366,0.000302229171853986,1,0.06349687784454322,0.24696745116977106,32.99559291252932,-0.33891616444004535,-1.4772907927150967,2.133013020656571,-2.2262588716680525,-1.5706423156944518,-0.3389024819620336,0.0,0.0,0.0,0.0,0.0,0.0,0.06985458098798235,-0.4485424073636493,0.4978826992785282,-0.034065248177972345,-0.005744551496023032,0.06957744206952375
367,0.4590967741935484,0.0055,0.1004,-3.141592653589793,1,0,26,0.01,0.16,alginate_chitosan_pic_al1ch1_research,0.16,0.00016800000000000002,0.00016194880900552864,0.0004237284451084134,2,0.06301343660717038,0.2468970090069771,33.09559291252932,-0.33821761863016553,-1.4817762167887332,2.1379918476493565,-2.226599524149832,-1.570699761209412,-0.33820670754133836,0.006985458098798241,-0.04485424073636497,0.04978826992785286,-0.0034065248177972377,-0.0005744551496023037,0.0069577442069523815,-0.06985458098798235,0.4485424073636493,-0.4978826992785282,0.034065248177972345,0.005744551496023032,-0.06957744206952375
368,0.4580967741935484,0.0055,0.1004,-3.141592653589793,1,0,26,0.01,0.16,alginate_chitosan_pic_al1ch1_research,0.16,0.00016800000000000002,0.0011398638409593138,0.0004237284451084134,1,0.06301343660717038,0.2468970090069771,33.19559291252932,-0.33821761863016553,-1.4817762167887332,2.1379918476493565,-2.226599524149832,-1.570699761209412,-0.33820670754133836,0.0,0.0,0.0,0.0,0.0,0.0,-0.14370899338429474,-0.4600011748779212,0.5139204009986456,-0.05345640531309028,-0.002557695472682471,-0.14178540279172733
369,0.4570967741935484,0.0055,0.1004,-3.141592653589793,1,0,26,0.01,0.16,alginate_chitosan_pic_al1ch1_research,0.16,0.00016800000000000002,0.0001694053019995543,0.0004241339323161717,2,0.06251531932031157,0.2468158851309833,33.29559291252932,-0.3396547085640085,-1.4863762285375124,2.143131051659343,-2.227134088202963,-1.5707253381641388,-0.33962456156925563,-0.014370899338429487,-0.04600011748779216,0.051392040099864596,-0.005345640531309033,-0.0002557695472682473,-0.014178540279172746,0.14370899338429474,0.4600011748779212,-0.5139204009986456,0.05345640531309028,0.002557695472682471,0.14178540279172733
370,0.4560967741935484,0.0055,0.1004,-3.141592653589793,1,0,26,0.01,0.16,alginate_chitosan_pic_al1ch1_research,0.16,0.00016800000000000002,0.0011460848140214357,0.0004241339323161717,1,0.06251531932031157,0.2468158851309833,33.395592912529324,-0.3396547085640085,-1.4863762285375124,2.143131051659343,-2.227134088202963,-1.5707253381641388,-0.33962456156925563,0.0,0.0,0.0,0.0,0.0,0.0,-0.14976084245469895,-0.46283614284843205,0.51471832936305,-0.05186574523103884,-0.00020228640176256328,-0.14967305967556993
371,0.4550967741935484,0.0055,0.1004,-3.141592653589793,1,0,26,0.01,0.16,alginate_chitosan_pic_al1ch1_research,0.16,0.00016800000000000002,0.0001699771169477395,0.0004240251760784424,2,0.06201604123371851,0.24672384337082218,33.495592912529325,-0.34115231698855547,-1.4910045899659967,2.1482782349529734,-2.2276527456552735,-1.5707273610281565,-0.34112129216601134,-0.014976084245469909,-0.04628361428484325,0.051471832936305036,-0.0051865745231038885,-2.0228640176256346e-05,-0.014967305967557007,0.14976084245469895,0.46283614284843205,-0.51471832936305,0.05186574523103884,0.00020228640176256328,0.14967305967556993
372,0.4540967741935484,0.0055,0.1004,-3.141592653589793,1,0,26,0.01,0.16,alginate_chitosan_pic_al1ch1_research,0.16,0.00016800000000000002,0.0011465494792194878,0.0004240251760784424,1,0.06201604123371851,0.24672384337082218,33.59559291252933,-0.34115231698855547,-1.4910045899659967,2.1482782349529734,-2.2276527456552735,-1.5707273610281565,-0.34112129216601134,0.0,0.0,0.0,0.0,0.0,0.0,-0.1512481573283206,-0.46444169110457706,0.5136074309261653,-0.049179835546819727,-0.00011304565381564637,-0.1512169845513664
373,0.4530967741935484,0.0055,0.1004,-3.141592653589793,1,0,26,0.01,0.16,alginate_chitosan_pic_al1ch1_research,0.16,0.00016800000000000002,0.00017030500508775773,0.0004237269565560682,2,0.06151737013017139,0.24661965924291118,33.69559291252933,-0.3426647985618387,-1.4956490068770425,2.153414309262235,-2.2281445440107417,-1.5707284914846946,-0.342633462011525,-0.015124815732832073,-0.04644416911045775,0.051360743092616575,-0.004917983554681977,-1.1304565381564647e-05,-0.015121698455136653,0.1512481573283206,0.46444169110457706,-0.5136074309261653,0.049179835546819727,0.00011304565381564637,0.1512169845513664
374,0.4520967741935484,0.0055,0.1004,-3.141592653589793,1,0,26,0.01,0.16,alginate_chitosan_pic_al1ch1_research,0.16,0.00016800000000000002,0.0011468044656883865,0.0004237269565560682,1,0.06151737013017139,0.24661965924291118,33.79559291252933,-0.3426647985618387,-1.4956490068770425,2.153414309262235,-2.2281445440107417,-1.5707284914846946,-0.342633462011525,0.0,0.0,0.0,0.0,0.0,0.0,-0.15261563162741715,-0.4660217604561359,0.5124140919372069,-0.0464086611817737,-0.00011141509763667991,-0.15258590500605268
375,0.4510967741935484,0.0055,0.1004,-3.141592653589793,1,0,26,0.01,0.16,alginate_chitosan_pic_al1ch1_research,0.16,0.00016800000000000002,0.00017062774338836746,0.0004234113118082702,2,0.061019414334641246,0.24650316010408832,33.89559291252933,-0.34419095487811285,-1.5003092244816039,2.158538450181607,-2.2286086306225594,-1.570729605635671,-0.34415932106158553,-0.015261563162741729,-0.04660217604561363,0.05124140919372073,-0.004640866118177374,-1.1141509763668001e-05,-0.015258590500605282,0.15261563162741715,0.4660217604561359,-0.5124140919372069,0.0464086611817737,0.00011141509763667991,0.15258590500605268
376,0.4500967741935484,0.0055,0.1004,-3.141592653589793,1,0,26,0.01,0.16,alginate_chitosan_pic_al1ch1_research,0.16,0.00016800000000000002,0.001147056105812383,0.0004234113118082702,1,0.061019414334641246,0.24650316010408832,33.99559291252933,-0.34419095487811285,-1.5003092244816039,2.158538450181607,-2.2286086306225594,-1.570729605635671,-0.34415932106158553,0.0,0.0,0.0,0.0,0.0,0.0,-0.15399734403169746,-0.46763129544451415,0.5112178359082167,-0.043603765855237876,-0.00011277203517678893,-0.1539674128240573
377,0.4490967741935484,0.0055,0.1004,-3.141592653589793,1,0,26,0.01,0.16,alginate_chitosan_pic_al1ch1_research,0.16,0.00016800000000000002,0.00017095411367549853,0.0004230878646701684,2,0.060522208959625165,0.24637421388066272,34.095592912529334,-0.34573092831842983,-1.504985537436049,2.1636506285406893,-2.229044668281112,-1.5707307333560228,-0.3456989951898261,-0.01539973440316976,-0.04676312954445146,0.05112178359082171,-0.004360376585523792,-1.1277203517678903e-05,-0.015396741282405743,0.15399734403169746,0.46763129544451415,-0.5112178359082167,0.043603765855237876,0.00011277203517678893,0.1539674128240573
378,0.4480967741935484,0.0055,0.1004,-3.141592653589793,1,0,26,0.01,0.16,alginate_chitosan_pic_al1ch1_research,0.16,0.00016800000000000002,0.0011473122405857247,0.0004230878646701684,1,0.060522208959625165,0.24637421388066272,34.195592912529335,-0.34573092831842983,-1.504985537436049,2.1636506285406893,-2.229044668281112,-1.5707307333560228,-0.3456989951898261,0.0,0.0,0.0,0.0,0.0,0.0,-0.15539797947607376,-0.4692729062022441,0.5100216694533524,-0.040766836103989165,-0.00011425886417004684,-0.1553677897830283
379,0.4470967741935484,0.0055,0.1004,-3.141592653589793,1,0,26,0.01,0.16,alginate_chitosan_pic_al1ch1_research,0.16,0.00016800000000000002,0.0001712845449875977,0.00042275703941389555,2,0.06002578590123095,0.24623269437427878,34.29559291252934,-0.34728490811319057,-1.5096782664980715,2.168750845235223,-2.2294523366421517,-1.5707318759446645,-0.3472526730876564,-0.01553979794760739,-0.04692729062022445,0.05100216694533528,-0.00407668361039892,-1.1425886417004695e-05,-0.015536778978302843,0.15539797947607376,0.4692729062022441,-0.5100216694533524,0.040766836103989165,0.00011425886417004684,0.1553677897830283
380,0.4460967741935484,0.0055,0.1004,-3.141592653589793,1,0,26,0.01,0.16,alginate_chitosan_pic_al1ch1_research,0.16,0.00016800000000000002,0.0011475732992876281,0.00042275703941389555,1,0.06002578590123095,0.24623269437427878,34.39559291252934,-0.34728490811319057,-1.5096782664980715,2.168750845235223,-2.2294523366421517,-1.5707318759446645,-0.3472526730876564,0.0,0.0,0.0,0.0,0.0,0.0,-0.1568180400808858,-0.4709471605683682,0.5088254989725529,-0.037897266292308204,-0.00011578030167935773,-0.15678758775805018
381,0.4450967741935484,0.0055,0.1004,-3.141592653589793,1,0,26,0.01,0.16,alginate_chitosan_pic_al1ch1_research,0.16,0.00016800000000000002,0.00017161916413771264,0.00042241883244036445,2,0.0595301766585384,0.24607848080646622,34.49559291252934,-0.34885308851399943,-1.5143877381037552,2.1738391002249484,-2.229831309305075,-1.5707330337476813,-0.3488205489652369,-0.015681804008088593,-0.04709471605683686,0.05088254989725533,-0.003789726629230824,-1.1578030167935783e-05,-0.015678758775805032,0.15681804008089015,0.47094716056838126,-0.508825498972567,0.03789726629230926,0.00011578030167936094,0.15678758775805454
382,0.4440967741935484,0.0055,0.1004,-3.141592653589793,1,0,26,0.01,0.16,alginate_chitosan_pic_al1ch1_research,0.16,0.00016800000000000002,0.0011478394438639782,0.00042241883244036445,1,0.0595301766585384,0.24607848080646622,34.595592912529334,-0.34885308851399943,-1.5143877381037552,2.1738391002249484,-2.229831309305075,-1.5707330337476813,-0.3488205489652369,0.0,0.0,0.0,0.0,0.0,0.0,-0.15825789630345277,-0.4726545614239697,0.507629107350751,-0.034994338621619846,-0.00011733399836178243,-0.15822717882461446
383,0.4430967741935484,0.0055,0.1004,-3.141592653589793,1,0,26,0.01,0.16,alginate_chitosan_pic_al1ch1_research,0.16,0.00016800000000000002,0.00017195809171512833,0.000422073226519734,2,0.059035412445547365,0.24591145834190944,34.695592912529335,-0.3504356674770339,-1.5191142837179947,2.178915391298456,-2.230181252691291,-1.5707342070876649,-0.350402820753483,-0.015825789630344853,-0.047265456142395704,0.05076291073507373,-0.0034994338621618906,-1.1733399836177928e-05,-0.01582271788246102,0.1582578963034484,0.4726545614239566,-0.5076291073507369,0.034994338621618874,0.00011733399836177918,0.15822717882461007
384,0.4420967741935484,0.0055,0.1004,-3.141592653589793,1,0,26,0.01,0.16,alginate_chitosan_pic_al1ch1_research,0.16,0.00016800000000000002,0.0011481108321103096,0.000422073226519734,1,0.059035412445547365,0.24591145834190944,34.79559291252934,-0.3504356674770339,-1.5191142837179947,2.178915391298456,-2.230181252691291,-1.5707342070876649,-0.350402820753483,0.0,0.0,0.0,0.0,0.0,0.0,-0.15971792253825473,-0.4743956207860381,0.5064322702668091,-0.03205731673125983,-0.00011892082263376104,-0.1596869374402951
385,0.4410967741935484,0.0055,0.1004,-3.141592653589793,1,0,26,0.01,0.16,alginate_chitosan_pic_al1ch1_research,0.16,0.00016800000000000002,0.00017230145325667316,0.0004217202090130207,2,0.05854152419808117,0.24573151863922574,34.89559291252934,-0.35203284670241647,-1.5238582399258551,2.183979714001124,-2.2305018258586036,-1.5707353962958912,-0.35199969012788596,-0.015971792253825487,-0.04743956207860385,0.05064322702668096,-0.003205731673125986,-1.1892082263376115e-05,-0.015968693744029525,0.15971792253825473,0.4743956207860381,-0.5064322702668091,0.03205731673125983,0.00011892082263376104,0.1596869374402951
386,0.4400967741935484,0.0055,0.1004,-3.141592653589793,1,0,26,0.01,0.16,alginate_chitosan_pic_al1ch1_research,0.16,0.00016800000000000002,0.0011483876275408377,0.0004217202090130207,1,0.05854152419808117,0.24573151863922574,34.99559291252934,-0.35203284670241647,-1.5238582399258551,2.183979714001124,-2.2305018258586036,-1.5707353962958912,-0.35199969012788596,0.0,0.0,0.0,0.0,0.0,0.0,-0.1611985020053161,-0.4761708627684094,0.5052347605507981,-0.02908544921402795,-0.00012054179132636713,-0.16116724683808953
387,0.4390967741935484,0.0055,0.1004,-3.141592653589793,1,0,26,0.01,0.16,alginate_chitosan_pic_al1ch1_research,0.16,0.00016800000000000002,0.00017264937990010923,0.00042135977297687706,2,0.05804854257661781,0.24553856039964064,35.09559291252934,-0.35364483172246963,-1.5286199485535392,2.189032061606632,-2.230792680350744,-1.5707366017138045,-0.35361136259626685,-0.016119850200531624,-0.047617086276840984,0.050523476055079855,-0.0029085449214027977,-1.2054179132636723e-05,-0.016116724683808967,0.1611985020053161,0.4761708627684094,-0.5052347605507981,0.02908544921402795,0.00012054179132636713,0.16116724683808953
388,0.4380967741935484,0.0055,0.1004,-3.141592653589793,1,0,26,0.01,0.16,alginate_chitosan_pic_al1ch1_research,0.16,0.00016800000000000002,0.0011486699999814604,0.00042135977297687706,1,0.05804854257661781,0.24553856039964064,35.19559291252934,-0.35364483172246963,-1.5286199485535392,2.189032061606632,-2.230792680350744,-1.5707366017138045,-0.35361136259626685,0.0,0.0,0.0,0.0,0.0,0.0,-0.16270002717608784,-0.4779808239362407,0.5040363482253776,-0.02607796938769442,-0.00012219796394763427,-0.16266849950256596
389,0.4370967741935484,0.0055,0.1004,-3.141592653589793,1,0,26,0.01,0.16,alginate_chitosan_pic_al1ch1_research,0.16,0.00016800000000000002,0.00017300200866093095,0.0004209919175798004,2,0.0575564979689047,0.24533248990703616,35.295592912529344,-0.3552718319942305,-1.5333997567929016,2.1940724250888857,-2.231053460044621,-1.570737823693444,-0.3552380475912925,-0.016270002717608797,-0.04779808239362411,0.050403634822537804,-0.0026077969387694445,-1.2219796394763439e-05,-0.01626684995025661,0.3253968003841718,0.9559520883515978,-1.0080626158245969,0.05215541722121663,0.00024439348396042895,0.3253337456676752
390,0.4370967741935484,0.0055,0.1004,-3.141592653589793,0,0,27,0.05,0.0,alginate_chitosan_pic_al1ch1_research,0.0,0.0,0.00017300200866093095,0.0004209919175798004,1,0.0575564979689047,0.24533248990703616,35.29559391252934,-0.3552718319942305,-1.5333997567929016,2.1940724250888857,-2.231053460044621,-1.570737823693444,-0.3552380475912925,0.0,0.0,0.0,0.0,0.0,0.0,0.0,0.0,0.0,0.0,0.0,0.0
391,0.4370967741935484,0.0065,0.1004,-3.141592653589793,0,0,27,0.05,0.0,alginate_chitosan_pic_al1ch1_research,0.0,0.0,0.000980907101722407,0.0004209919175798004,1,0.0575564979689047,0.24533248990703616,35.315593912529344,-0.3552718319942305,-1.5333997567929016,2.1940724250888857,-2.231053460044621,-1.570737823693444,-0.3552380475912925,0.0,0.0,0.0,0.0,0.0,0.0,0.0,0.0,0.0,0.0,0.0,0.0
392,0.4370967741935484,0.0065,0.1004,-3.141592653589793,1,0,28,0.01,0.0,alginate_chitosan_pic_al1ch1_research,0.0,0.0,0.000980907101722407,0.0004209919175798004,1,0.0575564979689047,0.24533248990703616,35.31559491252934,-0.3552718319942305,-1.5333997567929016,2.1940724250888857,-2.231053460044621,-1.570737823693444,-0.3552380475912925,0.0,0.0,0.0,0.0,0.0,0.0,0.0,0.0,0.0,0.0,0.0,0.0
393,0.4380967741935484,0.0065,0.1004,-3.141592653589793,1,0,28,0.01,0.16,alginate_chitosan_pic_al1ch1_research,0.16,0.00016800000000000002,0.0012930598061530007,0.0004209919175798004,1,0.0575564979689047,0.24533248990703616,35.41559491252934,-0.3552718319942305,-1.5333997567929016,2.1940724250888857,-2.231053460044621,-1.570737823693444,-0.3552380475912925,0.0,0.0,0.0,0.0,0.0,0.0,0.3669392173077817,0.44369827198316086,-0.46525792269091953,0.010414775161082784,0.009501106311660106,0.3634268669179257
394,0.4390967741935484,0.0065,0.1004,-3.141592653589793,1,0,28,0.01,0.16,alginate_chitosan_pic_al1ch1_research,0.16,0.00016800000000000002,0.00011992970355064703,0.0003406417494528085,2,0.05801129092620832,0.24552467432589628,35.515594912529345,-0.3516024398211527,-1.52896277407307,2.1894198458619765,-2.23094931229301,-1.5706428126303273,-0.35160377892211325,0.0366939217307782,0.04436982719831613,-0.046525792269091995,0.0010414775161082792,0.0009501106311660115,0.0363426866917926,-0.3669392173077817,-0.44369827198316086,0.46525792269091953,-0.010414775161082784,-0.009501106311660106,-0.3634268669179257
395,0.4400967741935484,0.0065,0.1004,-3.141592653589793,1,0,28,0.01,0.16,alginate_chitosan_pic_al1ch1_research,0.16,0.00016800000000000002,0.0009280114217390315,0.0003406417494528085,1,0.05801129092620832,0.24552467432589628,35.615594912529346,-0.3516024398211527,-1.52896277407307,2.1894198458619765,-2.23094931229301,-1.5706428126303273,-0.35160377892211325,0.0,0.0,0.0,0.0,0.0,0.0,0.0,0.0,0.0,0.0,0.0,0.0
396,0.4410967741935484,0.0065,0.1004,-3.141592653589793,1,0,28,0.01,0.16,alginate_chitosan_pic_al1ch1_research,0.16,0.00016800000000000002,0.001925623863573168,0.0003406417494528085,1,0.05801129092620832,0.24552467432589628,35.71559491252935,-0.3516024398211527,-1.52896277407307,2.1894198458619765,-2.23094931229301,-1.5706428126303273,-0.35160377892211325,0.0,0.0,0.0,0.0,0.0,0.0,0.24098693761954684,0.7105004252011757,-0.7516098405319735,0.03760850874665593,-0.0003115653979701699,0.24242909640843038
397,0.4420967741935484,0.0065,0.1004,-3.141592653589793,1,0,28,0.01,0.16,alginate_chitosan_pic_al1ch1_research,0.16,0.00016800000000000002,0.00010779220214734057,0.00030853516126114086,2,0.058745327214770514,0.2458073753156645,35.81559491252935,-0.3491925704449572,-1.5218577698210582,2.1819037474566567,-2.2305732272055434,-1.570645928284307,-0.34917948795802894,0.024098693761954705,0.07105004252011764,-0.07516098405319742,0.0037608508746655965,-3.115653979701702e-05,0.02424290964084306,-0.24098693761954684,-0.7105004252011757,0.7516098405319735,-0.03760850874665593,0.0003115653979701699,-0.24242909640843038
398,0.4430967741935484,0.0065,0.1004,-3.141592653589793,1,0,28,0.01,0.16,alginate_chitosan_pic_al1ch1_research,0.16,0.00016800000000000002,0.0009402842140140981,0.00030853516126114086,1,0.058745327214770514,0.2458073753156645,35.91559491252935,-0.3491925704449572,-1.5218577698210582,2.1819037474566567,-2.2305732272055434,-1.570645928284307,-0.34917948795802894,0.0,0.0,0.0,0.0,0.0,0.0,0.0,0.0,0.0,0.0,0.0,0.0
399,0.4440967741935484,0.0065,0.1004,-3.141592653589793,1,0,28,0.01,0.16,alginate_chitosan_pic_al1ch1_research,0.16,0.00016800000000000002,0.0019382078442221956,0.00030853516126114086,1,0.058745327214770514,0.2458073753156645,36.01559491252935,-0.3491925704449572,-1.5218577698210582,2.1819037474566567,-2.2305732272055434,-1.570645928284307,-0.34917948795802894,0.0,0.0,0.0,0.0,0.0,0.0,0.2368432421011173,0.709960999694217,-0.7606136051293075,0.05039994712863615,5.611297559938069e-05,0.23687010574041922
400,0.4450967741935484,0.0065,0.1004,-3.141592653589793,1,0,28,0.01,0.16,alginate_chitosan_pic_al1ch1_research,0.16,0.00016800000000000002,0.00010663782430674237,0.0003066216680031851,2,0.05948689792491028,0.24606422733115418,36.115594912529346,-0.34682413802394624,-1.5147581598241167,2.1742976114053643,-2.230069227734257,-1.570645367154551,-0.34681078690062495,0.02368432421011109,0.07099609996941979,-0.07606136051292871,0.00503999471286348,5.611297559937918e-06,0.023687010574041285,-0.2368432421011173,-0.709960999694217,0.7606136051293075,-0.05039994712863615,-5.611297559938069e-05,-0.23687010574041922
401,0.4460967741935484,0.0065,0.1004,-3.141592653589793,1,0,28,0.01,0.16,alginate_chitosan_pic_al1ch1_research,0.16,0.00016800000000000002,0.0009406220877680174,0.0003066216680031851,1,0.05948689792491028,0.24606422733115418,36.21559491252935,-0.34682413802394624,-1.5147581598241167,2.1742976114053643,-2.230069227734257,-1.570645367154551,-0.34681078690062495,0.0,0.0,0.0,0.0,0.0,0.0,0.0,0.0,0.0,0.0,0.0,0.0
402,0.4470967741935484,0.0065,0.1004,-3.141592653589793,1,0,28,0.01,0.16,alginate_chitosan_pic_al1ch1_research,0.16,0.00016800000000000002,0.0019385995456569298,0.0003066216680031851,1,0.05948689792491028,0.24606422733115418,36.31559491252935,-0.34682413802394624,-1.5147581598241167,2.1742976114053643,-2.230069227734257,-1.570645367154551,-0.34681078690062495,0.0,0.0,0.0,0.0,0.0,0.0,0.23360538547167423,0.7061576186462069,-0.7635068923554464,0.05722343435632372,6.299757155936435e-05,0.23360513742576264
403,0.4480967741935484,0.0065,0.1004,-3.141592653589793,1,0,28,0.01,0.16,alginate_chitosan_pic_al1ch1_research,0.16,0.00016800000000000002,0.00010589270903435087,0.0003058400099554212,2,0.060230536770475816,0.24629234719027313,36.41559491252935,-0.3444880841692295,-1.5076965836376546,2.16666254248181,-2.229496993390694,-1.5706447371788355,-0.3444747355263673,0.023360538547167443,0.07061576186462075,-0.07635068923554471,0.005722343435632377,6.2997571559364414e-06,0.023360513742576285,-0.23360538547167423,-0.7061576186462069,0.7635068923554464,-0.05722343435632372,-6.299757155936435e-05,-0.23360513742576264
404,0.4490967741935484,0.0065,0.1004,-3.141592653589793,1,0,28,0.01,0.16,alginate_chitosan_pic_al1ch1_research,0.16,0.00016800000000000002,0.0009407400607844682,0.0003058400099554212,1,0.060230536770475816,0.24629234719027313,36.51559491252935,-0.3444880841692295,-1.5076965836376546,2.16666254248181,-2.229496993390694,-1.5706447371788355,-0.3444747355263673,0.0,0.0,0.0,0.0,0.0,0.0,0.0,0.0,0.0,0.0,0.0,0.0
405,0.4500967741935484,0.0065,0.1004,-3.141592653589793,1,0,28,0.01,0.16,alginate_chitosan_pic_al1ch1_research,0.16,0.00016800000000000002,0.0019387548731345332,0.0003058400099554212,1,0.060230536770475816,0.24629234719027313,36.61559491252935,-0.3444880841692295,-1.5076965836376546,2.16666254248181,-2.229496993390694,-1.5706447371788355,-0.3444747355263673,0.0,0.0,0.0,0.0,0.0,0.0,0.23043888458787978,0.7024106899663473,-0.7662001314913334,0.06366617160540311,6.318430632035176e-05,0.2304383070022116
406,0.4510967741935484,0.0065,0.1004,-3.141592653589793,1,0,28,0.01,0.16,alginate_chitosan_pic_al1ch1_research,0.16,0.00016800000000000002,0.00010516255576443749,0.00030508586727217007,2,0.06097597682442282,0.24649202711153945,36.715594912529355,-0.3421836953233507,-1.500672476737991,2.1590005411668964,-2.22886033167464,-1.5706441053357723,-0.3421703524563452,0.023043888458788,0.07024106899663479,-0.0766200131491334,0.006366617160540316,6.318430632035182e-06,0.02304383070022118,-0.23043888458787978,-0.7024106899663473,0.7662001314913334,-0.06366617160540311,-6.318430632035176e-05,-0.2304383070022116
407,0.4520967741935484,0.0065,0.1004,-3.141592653589793,1,0,28,0.01,0.16,alginate_chitosan_pic_al1ch1_research,0.16,0.00016800000000000002,0.0009408656692405204,0.00030508586727217007,1,0.06097597682442282,0.24649202711153945,36.815594912529356,-0.3421836953233507,-1.500672476737991,2.1590005411668964,-2.22886033167464,-1.5706441053357723,-0.3421703524563452,0.0,0.0,0.0,0.0,0.0,0.0,0.0,0.0,0.0,0.0,0.0,0.0
408,0.4530967741935484,0.0065,0.1004,-3.141592653589793,1,0,28,0.01,0.16,alginate_chitosan_pic_al1ch1_research,0.16,0.00016800000000000002,0.0019389165149577533,0.00030508586727217007,1,0.06097597682442282,0.24649202711153945,36.91559491252936,-0.3421836953233507,-1.500672476737991,2.1590005411668964,-2.22886033167464,-1.5706441053357723,-0.3421703524563452,0.0,0.0,0.0,0.0,0.0,0.0,0.22733692466048686,0.6987717957459548,-0.7688867093045268,0.06998943981768578,6.347476051438138e-05,0.22733648498485207
409,0.4540967741935484,0.0065,0.1004,-3.141592653589793,1,0,28,0.01,0.16,alginate_chitosan_pic_al1ch1_research,0.16,0.00016800000000000002,0.00010443276761952303,0.00030431864795553025,2,0.061723105563514624,0.2466636840312705,37.01559491252936,-0.3399103260767458,-1.4936847587805315,2.151311674073851,-2.228160437276463,-1.5706434705881671,-0.33989698760649667,0.022733692466048706,0.06987717957459555,-0.07688867093045275,0.0069989439817685845,6.347476051438144e-06,0.022733648498485227,-0.22733692466048686,-0.6987717957459548,0.7688867093045268,-0.06998943981768578,-6.347476051438138e-05,-0.22733648498485207
410,0.4550967741935484,0.0065,0.1004,-3.141592653589793,1,0,28,0.01,0.16,alginate_chitosan_pic_al1ch1_research,0.16,0.00016800000000000002,0.0009410051630135974,0.00030431864795553025,1,0.061723105563514624,0.2466636840312705,37.11559491252936,-0.3399103260767458,-1.4936847587805315,2.151311674073851,-2.228160437276463,-1.5706434705881671,-0.33989698760649667,0.0,0.0,0.0,0.0,0.0,0.0,0.0,0.0,0.0,0.0,0.0,0.0
411,0.4560967741935484,0.0065,0.1004,-3.141592653589793,1,0,28,0.01,0.16,alginate_chitosan_pic_al1ch1_research,0.16,0.00016800000000000002,0.0019390913415009165,0.00030431864795553025,1,0.061723105563514624,0.2466636840312705,37.21559491252936,-0.3399103260767458,-1.4936847587805315,2.151311674073851,-2.228160437276463,-1.5706434705881671,-0.33989698760649667,0.0,0.0,0.0,0.0,0.0,0.0,0.22429799564537237,0.6952399991548385,-0.7715746597017223,0.0762068316700669,6.374726255753403e-05,0.2242977024553612
412,0.4570967741935484,0.0065,0.1004,-3.141592653589793,1,0,28,0.01,0.16,alginate_chitosan_pic_al1ch1_research,0.16,0.00016800000000000002,0.00010370269589259368,0.00030353715357125607,2,0.062471814527333226,0.2468077626144103,37.31559491252936,-0.3376673461202921,-1.4867323587889831,2.143595927476834,-2.2273983689597623,-1.5706428331155415,-0.33765401058194305,0.022429799564537257,0.06952399991548391,-0.0771574659701723,0.007620683167006696,6.37472625575341e-06,0.02242977024553614,-0.22429799564537237,-0.6952399991548385,0.7715746597017223,-0.0762068316700669,-6.374726255753403e-05,-0.2242977024553612
413,0.4580967741935484,0.0065,0.1004,-3.141592653589793,1,0,28,0.01,0.16,alginate_chitosan_pic_al1ch1_research,0.16,0.00016800000000000002,0.0009411584915198492,0.00030353715357125607,1,0.062471814527333226,0.2468077626144103,37.415594912529365,-0.3376673461202921,-1.4867323587889831,2.143595927476834,-2.2273983689597623,-1.5706428331155415,-0.33765401058194305,0.0,0.0,0.0,0.0,0.0,0.0,0.0,0.0,0.0,0.0,0.0,0.0
414,0.4590967741935484,0.0065,0.1004,-3.141592653589793,1,0,28,0.01,0.16,alginate_chitosan_pic_al1ch1_research,0.16,0.00016800000000000002,0.0019392793411946738,0.00030353715357125607,1,0.062471814527333226,0.2468077626144103,37.515594912529366,-0.3376673461202921,-1.4867323587889831,2.143595927476834,-2.2273983689597623,-1.5706428331155415,-0.33765401058194305,0.0,0.0,0.0,0.0,0.0,0.0,0.22132039735208123,0.6918129929918347,-0.7742653214628068,0.08232216627455088,6.398881970959268e-05,0.2213202515861097
415,0.4600967741935484,0.0065,0.1004,-3.141592653589793,1,0,28,0.01,0.16,alginate_chitosan_pic_al1ch1_research,0.16,0.00016800000000000002,0.000102972217804487,0.0003027416194578937,2,0.06322199398717022,0.2469247283193024,37.61559491252937,-0.3354541421467713,-1.4798142288590648,2.135853274262206,-2.2265751472970168,-1.5706421932273444,-0.33544080806608195,0.022132039735208144,0.06918129929918354,-0.07742653214628074,0.008232216627455095,6.398881970959274e-06,0.022132025158610992,-0.22132039735208123,-0.6918129929918347,0.7742653214628068,-0.08232216627455088,-6.398881970959268e-05,-0.2213202515861097
416,0.4610967741935484,0.0065,0.1004,-3.141592653589793,1,0,28,0.01,0.16,alginate_chitosan_pic_al1ch1_research,0.16,0.00016800000000000002,0.0009413253912420116,0.0003027416194578937,1,0.06322199398717022,0.2469247283193024,37.71559491252937,-0.3354541421467713,-1.4798142288590648,2.135853274262206,-2.2265751472970168,-1.5706421932273444,-0.33544080806608195,0.0,0.0,0.0,0.0,0.0,0.0,0.0,0.0,0.0,0.0,0.0,0.0
417,0.4620967741935484,0.0065,0.1004,-3.141592653589793,1,0,28,0.01,0.16,alginate_chitosan_pic_al1ch1_research,0.16,0.00016800000000000002,0.0019394802671732138,0.0003027416194578937,1,0.06322199398717022,0.2469247283193024,37.81559491252937,-0.3354541421467713,-1.4798142288590648,2.135853274262206,-2.2265751472970168,-1.5706421932273444,-0.33544080806608195,0.0,0.0,0.0,0.0,0.0,0.0,0.0,0.0,0.0,0.0,0.0,0.0
418,0.4620967741935484,0.0065,0.1004,-3.141592653589793,0,0,29,0.05,0.0,alginate_chitosan_pic_al1ch1_research,0.0,0.0,0.0019394802671732138,0.0003027416194578937,1,0.06322199398717022,0.2469247283193024,37.81559651233071,-0.3354541421467713,-1.4798142288590648,2.135853274262206,-2.2265751472970168,-1.5706421932273444,-0.33544080806608195,0.0,0.0,0.0,0.0,0.0,0.0,6.923209794589987,8.828508311654545,-9.999812552864531,1.2306472665717085,0.013725549823831939,6.892121739208469
419,0.4620967741935484,0.0075,0.1004,-3.141592653589793,0,0,29,0.05,0.0,alginate_chitosan_pic_al1ch1_research,0.0,0.0,0.00011301381059273936,0.00033230883149769775,2,0.0637166915722003,0.24698483236941104,37.847592838984966,-0.33191009529639226,-1.4752948443533527,2.130734289682242,-2.2259451690501595,-1.57063516700785,-0.33191267544162245,0.11076417892198878,0.1412469798344862,-0.15998663331817073,0.019689080364273134,0.00021959456691282155,0.11026680226711608,-6.923339570607022,-8.82867380261597,9.999999999999995,-1.2306703351346107,-0.013725807110154411,-6.8922509324778884
420,0.4620967741935484,0.0075,0.1004,-3.141592653589793,1,0,30,0.01,0.0,alginate_chitosan_pic_al1ch1_research,0.0,0.0,0.00011301381059273936,0.00033230883149769775,1,0.0637166915722003,0.24698483236941104,37.847593838994335,-0.33191009529639226,-1.4752948443533527,2.130734289682242,-2.2259451690501595,-1.57063516700785,-0.33191267544162245,0.0,0.0,0.0,0.0,0.0,0.0,0.0,0.0,0.0,0.0,0.0,0.0
421,0.4610967741935484,0.0075,0.1004,-3.141592653589793,1,0,30,0.01,0.16,alginate_chitosan_pic_al1ch1_research,0.16,0.00016800000000000002,0.0010770320497289153,0.00033230883149769775,1,0.0637166915722003,0.24698483236941104,37.94759383899434,-0.33191009529639226,-1.4752948443533527,2.130734289682242,-2.2259451690501595,-1.57063516700785,-0.33191267544162245,0.0,0.0,0.0,0.0,0.0,0.0,-0.1319833912505006,-0.4387533875384256,0.4903330757929139,-0.039389670376221916,-0.008515586283963634,-0.12888434720517128
422,0.4600967741935484,0.0075,0.1004,-3.141592653589793,1,0,30,0.01,0.16,alginate_chitosan_pic_al1ch1_research,0.16,0.00016800000000000002,0.00016718813866914748,0.00042040880728137347,2,0.06324131612904911,0.24692152234875392,38.04759383899434,-0.33322992920889727,-1.479682378228737,2.1356376204401712,-2.2263390657539217,-1.5707203228706896,-0.33320151891367417,-0.013198339125050073,-0.0438753387538426,0.04903330757929143,-0.003938967037622195,-0.0008515586283963642,-0.012888434720517138,0.1319833912505006,0.4387533875384256,-0.4903330757929139,0.039389670376221916,0.008515586283963634,0.12888434720517128
423,0.4590967741935484,0.0075,0.1004,-3.141592653589793,1,0,30,0.01,0.16,alginate_chitosan_pic_al1ch1_research,0.16,0.00016800000000000002,0.0011438831785713555,0.00042040880728137347,1,0.06324131612904911,0.24692152234875392,38.14759383899434,-0.33322992920889727,-1.479682378228737,2.1356376204401712,-2.2263390657539217,-1.5707203228706896,-0.33320151891367417,0.0,0.0,0.0,0.0,0.0,0.0,-0.14566366549093576,-0.4602252553004496,0.5157591371236937,-0.055048742141838754,-0.0004509793876117377,-0.1455248156265074
424,0.4580967741935484,0.0075,0.1004,-3.141592653589793,1,0,30,0.01,0.16,alginate_chitosan_pic_al1ch1_research,0.16,0.00016800000000000002,0.00016926183635297047,0.0004244822388241754,2,0.06274172463437912,0.2468468632344887,38.24759383899434,-0.33468656586380663,-1.4842846307817414,2.140795211811408,-2.22688955317534,-1.5707248326645658,-0.33465676706993924,-0.014566366549093589,-0.046022525530045,0.05157591371236942,-0.005504874214183881,-4.509793876117381e-05,-0.014552481562650753,0.14566366549093576,0.4602252553004496,-0.5157591371236937,0.055048742141838754,0.0004509793876117377,0.1455248156265074
425,0.4570967741935484,0.0075,0.1004,-3.141592653589793,1,0,30,0.01,0.16,alginate_chitosan_pic_al1ch1_research,0.16,0.00016800000000000002,0.0011458805096342067,0.0004244822388241754,1,0.06274172463437912,0.2468468632344887,38.34759383899434,-0.33468656586380663,-1.4842846307817414,2.140795211811408,-2.22688955317534,-1.5707248326645658,-0.33465676706993924,0.0,0.0,0.0,0.0,0.0,0.0,-0.14746683715797765,-0.4622842162426802,0.5154241464390799,-0.05313613138473441,-0.00012038880390363695,-0.14743350298816432
426,0.4560967741935484,0.0075,0.1004,-3.141592653589793,1,0,30,0.01,0.16,alginate_chitosan_pic_al1ch1_research,0.16,0.00016800000000000002,0.00016963598684798228,0.0004243420335190992,2,0.06224199038368563,0.24676024712997943,38.447593838994344,-0.3361612342353864,-1.4889074729441683,2.145949453275799,-2.2274209144891874,-1.5707260365526048,-0.3361311020998209,-0.014746683715797779,-0.04622842162426806,0.051542414643908026,-0.005313613138473445,-1.2038880390363705e-05,-0.014743350298816446,0.14746683715797765,0.4622842162426802,-0.5154241464390799,0.05313613138473441,0.00012038880390363695,0.14743350298816432
427,0.4550967741935484,0.0075,0.1004,-3.141592653589793,1,0,30,0.01,0.16,alginate_chitosan_pic_al1ch1_research,0.16,0.00016800000000000002,0.0011461750028233248,0.0004243420335190992,1,0.06224199038368563,0.24676024712997943,38.547593838994345,-0.3361612342353864,-1.4889074729441683,2.145949453275799,-2.2274209144891874,-1.5707260365526048,-0.3361311020998209,0.0,0.0,0.0,0.0,0.0,0.0,-0.1488067594538009,-0.463835353701402,0.51425763137276,-0.05043675815086237,-0.00010890503221450112,-0.14877760855343508
428,0.4540967741935484,0.0075,0.1004,-3.141592653589793,1,0,30,0.01,0.16,alginate_chitosan_pic_al1ch1_research,0.16,0.00016800000000000002,0.0001699520400353055,0.00042404131314406645,2,0.06174289967166579,0.2466615085086286,38.64759383899435,-0.3376493018299244,-1.4935458264811823,2.1510920295895266,-2.227925282070696,-1.570727125602927,-0.33761887818535524,-0.014880675945380104,-0.04638353537014024,0.051425763137276044,-0.005043675815086242,-1.0890503221450122e-05,-0.014877760855343522,0.1488067594538009,0.463835353701402,-0.51425763137276,0.05043675815086237,0.00010890503221450112,0.14877760855343508
429,0.4530967741935484,0.0075,0.1004,-3.141592653589793,1,0,30,0.01,0.16,alginate_chitosan_pic_al1ch1_research,0.16,0.00016800000000000002,0.0011464177716697288,0.00042404131314406645,1,0.06174289967166579,0.2466615085086286,38.74759383899435,-0.3376493018299244,-1.4935458264811823,2.1510920295895266,-2.227925282070696,-1.570727125602927,-0.33761887818535524,0.0,0.0,0.0,0.0,0.0,0.0,-0.1501465572312563,-0.4654010039988102,0.5130621083706091,-0.047677054846806316,-0.00010982512690382841,-0.15011732980148546
430,0.4520967741935484,0.0075,0.1004,-3.141592653589793,1,0,30,0.01,0.16,alginate_chitosan_pic_al1ch1_research,0.16,0.00016800000000000002,0.00017026953696137935,0.00042372753484907626,2,0.0612445112338027,0.2465505094810152,38.84759383899435,-0.339150767402237,-1.4981998365211704,2.1562226506732327,-2.228402052619164,-1.570728223854196,-0.3391200514833701,-0.015014655723125644,-0.04654010039988106,0.051306210837060946,-0.004767705484680636,-1.0982512690382852e-05,-0.01501173298014856,0.1501465572312563,0.4654010039988102,-0.5130621083706091,0.047677054846806316,0.00010982512690382841,0.15011732980148546
431,0.4510967741935484,0.0075,0.1004,-3.141592653589793,1,0,30,0.01,0.16,alginate_chitosan_pic_al1ch1_research,0.16,0.00016800000000000002,0.0011466630713126062,0.00042372753484907626,1,0.0612445112338027,0.2465505094810152,38.94759383899435,-0.339150767402237,-1.4981998365211704,2.1562226506732327,-2.228402052619164,-1.570728223854196,-0.3391200514833701,0.0,0.0,0.0,0.0,0.0,0.0,-0.15150405447002496,-0.46699760746218205,0.5118660265632338,-0.04488522460137637,-0.0001112410280335039,-0.15147457960782956
432,0.4500967741935484,0.0075,0.1004,-3.141592653589793,1,0,30,0.01,0.16,alginate_chitosan_pic_al1ch1_research,0.16,0.00016800000000000002,0.00017059079617723244,0.0004234061555628117,2,0.060746858232887245,0.2464271169140828,39.04759383899435,-0.34066580794693724,-1.5028698125957922,2.161341310938865,-2.228850904865178,-1.5707293362644763,-0.3406347972794484,-0.01515040544700251,-0.04669976074621825,0.05118660265632342,-0.004488522460137641,-1.11241028033504e-05,-0.01514745796078297,0.15150405447002496,0.46699760746218205,-0.5118660265632338,0.04488522460137637,0.0001112410280335039,0.15147457960782956
433,0.4490967741935484,0.0075,0.1004,-3.141592653589793,1,0,30,0.01,0.16,alginate_chitosan_pic_al1ch1_research,0.16,0.00016800000000000002,0.001146912948013442,0.0004234061555628117,1,0.060746858232887245,0.2464271169140828,39.147593838994354,-0.34066580794693724,-1.5028698125957922,2.161341310938865,-2.228850904865178,-1.5707293362644763,-0.3406347972794484,0.0,0.0,0.0,0.0,0.0,0.0,-0.15288024812336015,-0.46862617295597625,0.5106702286190137,-0.04206170274083647,-0.00011270410988917214,-0.1528505169237801
434,0.4480967741935484,0.0075,0.1004,-3.141592653589793,1,0,30,0.01,0.16,alginate_chitosan_pic_al1ch1_research,0.16,0.00016800000000000002,0.00017091600751704513,0.0004230773506017343,2,0.06024997262385592,0.24629120228954277,39.247593838994355,-0.34219461042817084,-1.507556074325352,2.166448013225055,-2.2292715218925863,-1.5707304633055752,-0.3421633024486862,-0.015288024812336029,-0.04686261729559767,0.05106702286190141,-0.00420617027408365,-1.1270410988917224e-05,-0.015285051692378024,0.15288024812336015,0.46862617295597625,-0.5106702286190137,0.04206170274083647,0.00011270410988917214,0.1528505169237801
435,0.4470967741935484,0.0075,0.1004,-3.141592653589793,1,0,30,0.01,0.16,alginate_chitosan_pic_al1ch1_research,0.16,0.00016800000000000002,0.0011471676133372475,0.0004230773506017343,1,0.06024997262385592,0.24629120228954277,39.34759383899436,-0.34219461042817084,-1.507556074325352,2.166448013225055,-2.2292715218925863,-1.5707304633055752,-0.3421633024486862,0.0,0.0,0.0,0.0,0.0,0.0,-0.15427551292312408,-0.47028720369954785,0.5094745356908783,-0.03920582978387259,-0.00011419837606663188,-0.1542455226835157
436,0.4460967741935484,0.0075,0.1004,-3.141592653589793,1,0,30,0.01,0.16,alginate_chitosan_pic_al1ch1_research,0.16,0.00016800000000000002,0.00017124528524817,0.0004227410998328136,2,0.059753886042536966,0.2461426422394151,39.44759383899436,-0.3437373655574021,-1.5122589463623475,2.171542758581964,-2.229663580190425,-1.5707316052893359,-0.34370575767552136,-0.015427551292312422,-0.04702872036995483,0.05094745356908787,-0.003920582978387262,-1.1419837606663198e-05,-0.015424552268351585,0.15427551292312408,0.47028720369954785,-0.5094745356908783,0.03920582978387259,0.00011419837606663188,0.1542455226835157
437,0.4450967741935484,0.0075,0.1004,-3.141592653589793,1,0,30,0.01,0.16,alginate_chitosan_pic_al1ch1_research,0.16,0.00016800000000000002,0.0011474272171216869,0.0004227410998328136,1,0.059753886042536966,0.2461426422394151,39.54759383899436,-0.3437373655574021,-1.5122589463623475,2.171542758581964,-2.229663580190425,-1.5707316052893359,-0.34370575767552136,0.0,0.0,0.0,0.0,0.0,0.0,-0.15569020826579785,-0.47198119619897244,0.5082787283448434,-0.03631689055177152,-0.00011572411686700923,-0.1556599565249133
438,0.4440967741935484,0.0075,0.1004,-3.141592653589793,1,0,30,0.01,0.16,alginate_chitosan_pic_al1ch1_research,0.16,0.00016800000000000002,0.00017157874558459924,0.0004223973802720633,2,0.0592586298414356,0.2459813190957545,39.647593838994354,-0.34529426764005994,-1.5169787583243368,2.176625545865412,-2.2300267490959427,-1.5707327625305045,-0.34526235724077037,-0.015569020826579367,-0.04719811961989598,0.05082787283448298,-0.0036316890551770548,-1.1572411686700611e-05,-0.015565995652490911,0.15569020826579785,0.47198119619897244,-0.5082787283448434,0.03631689055177152,0.00011572411686700923,0.1556599565249133
439,0.4430967741935484,0.0075,0.1004,-3.141592653589793,1,0,30,0.01,0.16,alginate_chitosan_pic_al1ch1_research,0.16,0.00016800000000000002,0.0011476919124128687,0.0004223973802720633,1,0.0592586298414356,0.2459813190957545,39.747593838994355,-0.34529426764005994,-1.5169787583243368,2.176625545865412,-2.2300267490959427,-1.5707327625305045,-0.34526235724077037,0.0,0.0,0.0,0.0,0.0,0.0,-0.1571247012208396,-0.47370865816496105,0.5070825832124806,-0.03339415388898808,-0.00011728226956275713,-0.15709418553491145
440,0.4420967741935484,0.0075,0.1004,-3.141592653589793,1,0,30,0.01,0.16,alginate_chitosan_pic_al1ch1_research,0.16,0.00016800000000000002,0.00017191650983919157,0.0004220461737263611,2,0.058764235093742526,0.2458071214438965,39.84759383899436,-0.34686551465226834,-1.5217158449059864,2.181696371697537,-2.2303606906348326,-1.5707339353532002,-0.3468332990961195,-0.015712470122083974,-0.04737086581649615,0.050708258321248104,-0.0033394153888988112,-1.1728226956275723e-05,-0.01570941855349116,0.1571247012208396,0.47370865816496105,-0.5070825832124806,0.03339415388898808,0.00011728226956275713,0.15709418553491145
441,0.4410967741935484,0.0075,0.1004,-3.141592653589793,1,0,30,0.01,0.16,alginate_chitosan_pic_al1ch1_research,0.16,0.00016800000000000002,0.0011479618580973814,0.0004220461737263611,1,0.058764235093742526,0.2458071214438965,39.94759383899436,-0.34686551465226834,-1.5217158449059864,2.181696371697537,-2.2303606906348326,-1.5707339353532002,-0.3468332990961195,0.0,0.0,0.0,0.0,0.0,0.0,-0.1585793676396216,-0.4754701094100691,0.5058858742529084,-0.030436873822159375,-0.00011887383088993155,-0.15854858557570156
442,0.4400967741935484,0.0075,0.1004,-3.141592653589793,1,0,30,0.01,0.16,alginate_chitosan_pic_al1ch1_research,0.16,0.00016800000000000002,0.00017225870477829904,0.0004216874674242487,2,0.05827073259608725,0.24561994467630402,40.04759383899436,-0.34845130832866456,-1.5264705460000871,2.186755230440066,-2.230665059373054,-1.570735124091509,-0.3484187849518765,-0.015857936763962174,-0.047547010941006954,0.05058858742529089,-0.00304368738221594,-1.1887383088993165e-05,-0.01585485855757017,0.1585793676396216,0.4754701094100691,-0.5058858742529084,0.030436873822159375,0.00011887383088993155,0.15854858557570156
443,0.4390967741935484,0.0075,0.1004,-3.141592653589793,1,0,30,0.01,0.16,alginate_chitosan_pic_al1ch1_research,0.16,0.00016800000000000002,0.0011482372192280438,0.0004216874674242487,1,0.05827073259608725,0.24561994467630402,40.14759383899436,-0.34845130832866456,-1.5264705460000871,2.186755230440066,-2.230665059373054,-1.570735124091509,-0.3484187849518765,0.0,0.0,0.0,0.0,0.0,0.0,-0.16005459244650105,-0.47726608212696947,0.5046883726768749,-0.027444289235756206,-0.00012049983637574237,-0.16002354158401427
444,0.4380967741935484,0.0075,0.1004,-3.141592653589793,1,0,30,0.01,0.16,alginate_chitosan_pic_al1ch1_research,0.16,0.00016800000000000002,0.00017260546287770399,0.0004213212543962822,2,0.05777815287117778,0.24541969154330592,40.24759383899436,-0.35005185425312957,-1.5312432068213568,2.1918021141668347,-2.2309395022654117,-1.5707363290898728,-0.35001902036771665,-0.01600545924465012,-0.04772660821269699,0.05046883726768754,-0.0027444289235756232,-1.2049983637574247e-05,-0.01600235415840144,0.16005459244650105,0.47726608212696947,-0.5046883726768749,0.027444289235756206,0.00012049983637574237,0.16002354158401427
445,0.4370967741935484,0.0075,0.1004,-3.141592653589793,1,0,30,0.01,0.16,alginate_chitosan_pic_al1ch1_research,0.16,0.00016800000000000002,0.00114851816726977,0.0004213212543962822,1,0.05777815287117778,0.24541969154330592,40.347593838994364,-0.35005185425312957,-1.5312432068213568,2.1918021141668347,-2.2309395022654117,-1.5707363290898728,-0.35001902036771665,0.0,0.0,0.0,0.0,0.0,0.0,-0.0,-0.0,-0.0,-0.0,-0.0,-0.0
